smiles,x,y,z,r,theta,phi
CC(=O)c1cccc2[nH]c(CCNC(=O)COc3c[nH]nn3)nc12,6.0671587,5.5425096,-0.43270826,8.229037,1.6234037,0.7402382
O=c1[nH]c2ccccc2n1CNS(=O)(=O)CC[C@H]1C=CNCC1,-1.45823,8.412619,-2.527696,8.904371,1.8586254,1.7424293
O=c1[nH]c2ccccc2n1CSCCCc1c[nH]nn1,2.0850544,8.034765,1.3887675,8.416268,1.4050283,1.3168929
N#Cc1cccc(CC(NC(=O)COc2ccc(Cl)cc2)C(=O)NCCO)c1,8.36741,20.279972,1.908838,22.021229,1.4840057,1.1794798
NCc1ccc(CCCNC(=O)COc2c[nH]nn2)cc1,21.273163,-12.464228,-9.809668,26.535522,1.9494616,-0.52999717
O=C(CS(=O)(=O)Cc1cc(C(=O)O)ccc1Cl)N=C1C(=O)Nc2ccccc21,12.788061,-5.014084,-4.9363966,14.596012,1.9158018,-0.37366974
CC(=O)c1cccc2[nH]c(CCNC(=O)OCc3c[nH]nn3)nc12,-7.963612,19.474787,4.800474,21.580803,1.346478,1.9589678
N#Cc1cccc(COP(=O)([O-])OP(=O)([O-])OCn2ccc3c(N)ncnc32)c1,-5.265426,9.761694,8.003325,13.677302,0.94572663,2.0654624
O=C(NCCc1c[nH]nn1)OCn1c(=O)[nH]c2ccccc21,2.005371,8.110399,1.4436886,8.478463,1.3996854,1.3283988
COC(=O)C(Cc1c[nH]nn1)NC(=O)CCc1cccc(C#N)c1,0.77900696,3.7685504,4.8149767,6.163832,0.67426497,1.3669547
N#Cc1cccc(COP(=O)([O-])OP(=O)([O-])OCn2ccc3c(N)ncnc32)c1,-5.135147,9.631454,8.133629,13.612148,0.93038267,2.060622
Nc1ccc(NC(=O)CCC(=O)N=NC=C2C(=O)Nc3ccccc32)cc1,-3.3408031,-9.993828,15.396102,18.656836,0.6001945,-1.8934046
CC(=O)c1cccc2[nH]c(CCNC(=O)OCc3c[nH]nn3)nc12,-7.9370666,19.44846,4.77376,21.541319,1.3473316,1.9582725
Nc1ccc(NC(=O)CCC(=O)N=NC=C2C(=O)Nc3ccccc32)cc1,-3.2733002,-10.045048,15.3161955,18.606539,0.60383874,-1.8858078
Nc1ccc(NC(=O)CCC(=O)N=NC=C2C(=O)Nc3ccccc32)cc1,-3.4160306,-10.020546,15.481395,18.755112,0.59979856,-1.8993437
Cc1c(OCCCNCc2c[nH]nn2)[nH]c2ccc(O)cc12,7.936516,14.139341,14.582276,21.807156,0.8383477,1.0593133
N#Cc1cccc(COP(=O)([O-])OP(=O)([O-])OC[C@H]2C=CNCC2)c1,-20.322258,2.7853112,4.9881077,21.11003,1.3322494,3.0053842
O=C(CS(=O)(=O)Cc1c[nH]nn1)N=C1C(=O)Nc2ccccc21,12.080208,-3.808024,-4.7639093,13.5324545,1.9305416,-0.30536854
CC(=O)c1cccc2[nH]c(CCNC(=O)COc3c[nH]nn3)nc12,6.1023216,5.569637,-0.4586749,8.274634,1.6262562,0.7397918
Cc1csc(C=CC(=O)NCCc2c[nH]nn2)c1,-0.6475291,2.8840985,4.5931816,5.462109,0.57182044,1.791651
Nc1ncnc2c1ccn2COP(=O)([O-])OP(=O)([O-])OCc1cccc(CCO)c1,2.0125122,-8.834974,8.510592,12.431298,0.81672764,-1.3468286
Cc1c(OCCCNCc2c[nH]nn2)[nH]c2ccc(O)cc12,7.933055,14.199202,14.656585,21.894432,0.83736765,1.0613003
CC(=O)c1cccc2[nH]c(CS(=O)(=O)CC(=O)N=C3CC=CNC3=O)nc12,11.1252365,-1.9107841,-3.4455638,11.802283,1.8670514,-0.17009267
CC1C(=NC(=O)CS(=O)(=O)Cc2cccc(CCO)c2)C(=O)NN1C,12.4949875,-4.4485984,-4.8602796,14.125758,1.9220467,-0.3420372
N#Cc1cccc(COP(=O)([O-])OP(=O)([O-])OCC[C@H]2C=CNCC2)c1,-5.7363534,-15.679062,0.67053294,16.708931,1.5306554,-1.9215305
O=C(NCC[C@H]1C=CNCC1)NCn1c(=O)[nH]c2ccccc21,-1.3850098,8.553907,-2.452033,9.005557,1.8465581,1.7313186
O=C(NCC[C@H]1C=CNCC1)NCn1c(=O)[nH]c2ccccc21,-1.3397055,8.571125,-2.4060326,9.0026655,1.8413426,1.7258463
Cc1csc(COP(=O)([O-])OP(=O)([O-])OCC[C@H]2C=CNCC2)c1,-11.767071,2.9426684,-8.988259,15.096757,2.208531,2.8965418
CC(=O)c1cccc2[nH]c(CCOC(=O)NCc3c[nH]nn3)nc12,-7.965971,19.477259,4.802805,21.584421,1.3464054,1.9590272
N#Cc1cccc(COP(=O)([O-])OP(=O)([O-])OCn2ccc3c(N)ncnc32)c1,-5.2092986,9.705606,8.059546,13.648878,0.93912864,2.063395
O=C(NCC[C@H]1C=CNCC1)OCn1c(=O)[nH]c2ccccc21,-1.2711368,8.573185,-2.336759,8.976398,1.8341526,1.7179928
N#Cc1cccc(COP(=O)([O-])OP(=O)([O-])OCC[C@H]2C=CNCC2)c1,-5.885767,-15.466637,0.658252,16.561775,1.5310405,-1.9344203
N#Cc1ccc(OCC(=O)NCCCc2c[nH]nn2)cc1,1.0610247,3.783668,5.094203,6.4337254,0.65705115,1.2973962
CC(=O)c1cccc2[nH]c(CC(O)CNC(=O)COc3c[nH]nn3)nc12,6.155138,5.6101727,-0.53535223,8.34544,1.6349895,0.73911154
O=C(CS(=O)(=O)Cc1cc(C(=O)O)ccc1Cl)N=C1C(=O)Nc2ccccc21,12.809578,-5.036599,-4.955516,14.629071,1.9163784,-0.37462202
Nc1ccc(NC(=O)CCC(=O)N=NC=C2C(=O)Nc3ccccc32)cc1,-3.3721137,-9.941669,15.412574,18.648201,0.5979504,-1.8978084
Nc1ccc(NC(=O)CCC(=O)N=NC=C2C(=O)Nc3ccccc32)cc1,-3.3079333,-9.992213,15.387561,18.643063,0.5999262,-1.8904915
Cc1cc(N)nc(OCC(=O)NC(CO)Cc2cccc(C#N)c2)c1,8.284443,20.172777,1.975744,21.896952,1.4804443,1.181122
CC(NC(=O)Cc1ccc(Cl)cc1)C(=O)N(C)c1c[nH]nn1,-5.9740105,2.1293745,1.8579352,6.6087036,1.2858201,2.7991924
Nc1ncnc2c1ccn2COP(=O)([O-])OP(=O)([O-])OCc1cccc(CCO)c1,2.0480165,-8.870494,8.475051,12.4381075,0.82115287,-1.3438926
CC(=O)c1cccc2[nH]c(CC(=O)NC(C)C(=O)N(C)c3c[nH]nn3)nc12,-6.068571,2.181398,1.7672637,6.6864996,1.3033149,2.7965167
CC(=O)c1cccc2[nH]c(CC(O)CON=Cc3c[nH]nn3)nc12,6.3834896,5.655846,-0.8073163,8.566755,1.6651746,0.72503275
CC(=O)c1cccc2[nH]c(CCNC(=O)OCc3c[nH]nn3)nc12,-7.9863143,19.497719,4.8230095,21.614895,1.3457683,1.9595531
NCc1ccc(CCCNC(=O)COc2c[nH]nn2)cc1,21.369595,-12.457956,-9.84215,26.621948,1.949483,-0.52780765
Cc1csc(C(O)C(O)CSCn2ccc3c(N)ncnc32)c1,3.1463852,5.486934,1.2721727,6.4517136,1.372312,1.050141
O=C1[C@H](Cl)C=NCN1COP(=O)([O-])OP(=O)([O-])OCc1ccc(Cl)cc1,6.180932,5.831183,-4.4367123,9.585981,2.0519853,0.75629
Nc1ccc(NC(=O)CCC(=O)N=NC=C2C(=O)Nc3ccccc32)cc1,-3.2665665,-10.052487,15.345622,18.6336,0.6031626,-1.8849839
O=CC(NC(=O)COn1c(=O)[nH]c2ccccc21)c1ccc(Cl)cc1,2.2455492,7.786919,1.2755449,8.2039995,1.4146845,1.290039
O=C(NCCCc1c[nH]nn1)OCn1c(=O)[nH]c2ccccc21,2.0233736,8.095167,1.4514325,8.4695,1.3985746,1.3258662
O=C(NCCCc1c[nH]nn1)OCn1c(=O)[nH]c2ccccc21,2.0154724,8.104088,1.4567206,8.477051,1.3980963,1.3270432
CC1CC(=O)N(OCCCCCn2c(=O)[nH]c3ccccc32)N1C,6.6144943,1.3056531,10.711935,12.657085,0.56175935,0.19488733
N#Cc1cccc(COP(=O)([O-])OP(=O)([O-])OCC[C@H]2C=CNCC2)c1,-5.8396297,-15.542528,0.7493589,16.620258,1.525694,-1.9301976
Cc1cscc1C=NOCC(O)Cn1ccc2c(N)ncnc21,3.137086,5.506723,1.2734396,6.464283,1.3725032,1.0529672
CC(=O)c1cccc2[nH]c(CCNC(=O)OCc3c[nH]nn3)nc12,-7.99887,19.51027,4.8355675,21.63366,1.3453714,1.9598786
Nc1ccc(NC(=O)CCC(=O)N=NC=C2C(=O)Nc3ccccc32)cc1,-3.333969,-9.92168,15.312375,18.547882,0.5996039,-1.8949708
N#Cc1cccc(COP(=O)([O-])OP(=O)([O-])OCn2ccc3c(N)ncnc32)c1,-5.2327905,9.729059,8.035987,13.6606655,0.9418941,2.0642648
N#Cc1cccc(COP(=O)([O-])OP(=O)([O-])OC[C@H]2C=CNCC2)c1,-20.267582,2.8198133,4.940956,21.050873,1.3338709,3.0033507
Nc1ncnc2c1ccn2COP(=O)([O-])OP(=O)([O-])OCc1cccc(CCO)c1,2.0567303,-8.879233,8.466337,12.439847,0.8222395,-1.3431768
Cc1c(OCCCNCc2c[nH]nn2)[nH]c2ccc(O)cc12,7.9078884,14.102068,14.554725,21.75415,0.8378597,1.059729
N#Cc1cccc(COP(=O)([O-])OP(=O)([O-])OC[C@H]2C=CNCC2)c1,-20.46529,2.7049646,4.8357286,21.202105,1.3406934,3.0101812
CC(=O)c1cccc2[nH]c(CCNC(=O)COc3c[nH]nn3)nc12,6.066553,5.548578,-0.4311676,8.232599,1.6231935,0.7408328
O=C(CS(=O)(=O)Cc1cc(C(=O)O)ccc1Cl)N=C1CCOCC1,12.858034,-5.0906086,-5.00887,14.708233,1.9182968,-0.3769745
CC(=O)c1cccc2[nH]c(CC(O)CON=Cc3c[nH]nn3)nc12,6.3767595,5.709083,-0.8037758,8.596671,1.6644316,0.73020977
CC(=O)c1cccc2[nH]c(CS(=O)(=O)CC(=O)N=C3CC=CNC3=O)nc12,11.141169,-1.9042279,-3.4611466,11.820798,1.8679516,-0.16928238
Cc1csc(CCNC(=O)CN(C=O)c2c[nH]nn2)c1,-0.58444166,2.9076233,4.570773,5.4486523,0.57557136,1.7691563
Nc1ccc(NC(=O)CCC(=O)N=NC=C2C(=O)Nc3ccccc32)cc1,-3.3509707,-9.990396,15.399907,18.659962,0.6000782,-1.8944229
Nc1ncnc2c1ccn2COP(=O)([O-])OP(=O)([O-])OCc1cccc(CCO)c1,2.0814037,-8.903877,8.441649,12.444786,0.82531136,-1.3411562
N#Cc1cccc(COP(=O)([O-])OP(=O)([O-])OC[C@H]2C=CNCC2)c1,-20.395514,2.8463125,4.868211,21.160765,1.3386587,3.0029323
O=C(NCCCn1ccnn1)OCn1c(=O)[nH]c2ccccc21,2.020009,8.094606,1.4605458,8.4697275,1.3974869,1.3262413
N#Cc1cccc(COP(=O)([O-])OP(=O)([O-])OCC[C@H]2C=CNCC2)c1,-5.8290877,-15.523266,0.6271703,16.593473,1.5329912,-1.9300109
O=C(CS(=O)(=O)Cc1cc(C(=O)O)ccc1Cl)N=C1CCOCC1,12.892035,-5.093671,-4.9594965,14.722318,1.9143862,-0.376277
N#Cc1cccc(CC(NC(=O)COc2ccc(Cl)cc2)C(=O)NCCO)c1,8.420002,20.324821,1.8638742,22.078695,1.4862761,1.1780474
O=C1[C@H](Cl)CN=CN1COP(=O)([O-])OP(=O)([O-])OCc1ccc(Cl)cc1,6.1695995,5.822044,-4.4173026,9.564137,2.0508885,0.7564231
Cc1cc(N)nc(OCC(O)CCOc2ccc3c(c2)NC(=O)CC(=O)N3C)c1,3.0269012,3.8838472,5.8547783,7.650152,0.6992653,0.9087703
NCc1ccc(CCCNC(=O)COc2c[nH]nn2)cc1,21.184017,-12.953392,-9.789347,26.690527,1.9463335,-0.5488107
N#Cc1cccc(OCC(=O)NCCCc2c[nH]nn2)c1,0.95633316,3.8378248,4.978405,6.3583007,0.6713586,1.3265837
N#Cc1cccc(COP(=O)([O-])OP(=O)([O-])OCn2ccc3c(N)ncnc32)c1,-5.16802,9.664318,8.100799,13.628294,0.9342642,2.061858
Nc1ccc(NC(=O)CCC(=O)N=NC=C2C(=O)Nc3ccccc32)cc1,-3.3804774,-10.034821,15.463786,18.74177,0.60042167,-1.8957307
Cc1cc(N)nc(OCC(=O)NC(CO)Cc2cc(C)cs2)c1,8.243377,20.085041,2.0687096,21.809212,1.4757986,1.1813364
Cc1cc(N)nc(OCC(O)C(O)C(O)Cc2cccc(C#N)c2)c1,8.05611,19.8994,2.042853,21.565256,1.4759252,1.1861229
N#Cc1cccc(COP(=O)([O-])OP(=O)([O-])OCC[C@H]2C=CNCC2)c1,-5.786758,-15.657661,0.7765634,16.710835,1.5243089,-1.9248067
Cc1csc(C(O)C(O)CSCn2ccc3c(N)ncnc32)c1,3.2042112,5.4213004,1.2089164,6.4124055,1.3811336,1.0369903
CC(=O)c1cccc2[nH]c(CCNC(=O)OCc3c[nH]nn3)nc12,-7.901422,19.412834,4.738123,21.488146,1.3484699,1.9573401
N#Cc1cccc(COP(=O)([O-])OP(=O)([O-])OCn2ccc3c(N)ncnc32)c1,-5.191075,9.687372,8.077809,13.639774,0.93697953,2.0627186
CC(=O)c1cccc2[nH]c(CCNC(=O)OCc3c[nH]nn3)nc12,-7.9408846,19.452312,4.777568,21.547049,1.3472109,1.9583714
Cc1cscc1C(=O)NCC(=O)NCC[C@H]1C=CNCC1,-7.499851,6.0293145,-10.5952635,14.312932,2.4042506,2.4644632
CC1CC(=O)N(OCCCCCn2c(=O)[nH]c3ccccc32)N1C,6.6062546,1.2957578,10.715344,12.654652,0.5609475,0.19368231
CC(C)(NC(=O)OCC1=NCNC(=O)C1Cl)c1ccccc1O,21.519821,-11.815783,-9.645432,26.37707,1.9451542,-0.50212514
Nc1ncnc2c1ccn2CNC(=O)COc1cccc(CCO)c1,2.5647411,-4.461378,13.148004,14.1192,0.3730653,-1.0490549
CN(CCN(C)c1c[nH]nn1)C(=O)C(C)(C)Oc1ccc2c(c1)NC(=O)CC(=O)N2C,2.7301178,3.6532235,5.86115,7.426484,0.66125405,0.92901427
Nc1ccc(NC(=O)CCC(=O)N=NC=C2C(=O)Nc3ccccc32)cc1,-3.4344103,-9.938644,15.483087,18.716244,0.5965941,-1.9035113
O=C(CS(=O)(=O)Cc1cc(C(=O)O)ccc1Cl)N=C1C(=O)Nc2ccccc21,12.834322,-5.061647,-4.9769516,14.666634,1.9170098,-0.37565535
CC(=O)c1cccc2[nH]c(CCNC(=O)OCc3c[nH]nn3)nc12,-7.887373,19.398796,4.7240505,21.4672,1.3489214,1.9569715
N#Cc1cccc(CC(NC(=O)COc2ccc(Cl)cc2)C(=O)NCCO)c1,8.28478,20.24515,1.890856,21.956297,1.4845705,1.1823645
NCc1ccc(CCCNC(=O)COc2c[nH]nn2)cc1,21.349316,-12.893383,-9.871917,26.823261,1.9476919,-0.54330045
CC(=O)c1cccc2[nH]c(CC(O)CNC(=O)COc3c[nH]nn3)nc12,6.169014,5.6154094,-0.5409031,8.359553,1.6355463,0.738455
N#Cc1cccc(COP(=O)([O-])OP(=O)([O-])OCC[C@H]2C=CNCC2)c1,-5.7998447,-15.439318,0.78811526,16.511568,1.5230471,-1.9301404
N#Cc1cccc(COP(=O)([O-])OP(=O)([O-])OCC[C@H]2C=CNCC2)c1,-5.687621,-15.494175,0.6341398,16.517282,1.5323944,-1.9226065
Cc1csc(COP(=O)([O-])OP(=O)([O-])OCC[C@H]2C=CNCC2)c1,-11.812946,2.9154592,-8.972472,15.117899,2.2061968,2.899626
Cc1cc(N)nc(OCC(=O)NC(CO)Cc2cccc(C#N)c2)c1,8.320773,20.23689,1.930752,21.965765,1.4827845,1.1806991
O=C(CS(=O)(=O)Cc1cc(C(=O)O)ccc1Cl)N=C1CCOCC1,12.835382,-5.0751324,-4.9876137,14.675841,1.9175558,-0.37653607
CC(=O)c1cccc2[nH]c(CCNC(=O)COc3c[nH]nn3)nc12,6.090353,5.565965,-0.445683,8.262627,1.6247622,0.740441
N#Cc1cccc(COP(=O)([O-])OP(=O)([O-])OC[C@H]2C=CNCC2)c1,-20.35938,3.030445,4.847561,21.146791,1.3395058,2.99383
Cc1cc(N)nc(OCC(O)C(O)C(O)Cc2cccc(C#N)c2)c1,8.112466,19.955006,2.0642278,21.639671,1.4752601,1.1846666
Nc1ncnc2[nH]c(OCCCC=Cc3c[nH]nn3)cc12,3.0041475,5.994311,1.3827202,6.846063,1.3674242,1.106216
NCc1ccc(CCCNC(=O)COc2c[nH]nn2)cc1,21.302994,-12.752142,-9.736813,26.669088,1.9445336,-0.53939533
Cc1csc(COP(=O)(O)OC(=O)Cc2c[nH]nn2)c1,-0.6187825,2.8959627,4.5773745,5.4517746,0.5742281,1.7813016
Cc1csc(COP(=O)([O-])OP(=O)([O-])OCC[C@H]2C=CNCC2)c1,-11.773605,3.02388,-9.064199,15.163157,2.2115226,2.890191
Cc1c(OCCCNCc2c[nH]nn2)[nH]c2ccc(O)cc12,7.9123764,14.119638,14.572345,21.778961,0.8377967,1.0600181
Nc1ncnc2c1ccn2COP(=O)([O-])OP(=O)([O-])OCc1cccc(CCO)c1,2.0379171,-8.860367,8.4851265,12.4361,0.81989497,-1.3447244
O=C1[C@H](Cl)C=NCN1COP(=O)([O-])OP(=O)([O-])OCc1ccc(Cl)cc1,6.1335373,5.7839475,-4.3880286,9.504163,2.0507019,0.75607234
CC(=NOCCC(=O)c1c[nH]nn1)c1cccc(C#N)c1,0.80839634,3.7832508,4.8410597,6.1969633,0.6742127,1.3602843
O=C(CS(=O)(=O)Cc1cc(C(=O)O)ccc1Cl)N=C1CCOCC1,12.863077,-5.094949,-4.9914627,14.708228,1.9170384,-0.377132
Cc1c(OCCCNCc2c[nH]nn2)[nH]c2ccc(O)cc12,8.006453,14.093878,14.546153,21.779146,0.8394213,1.054178
Cc1cscc1C=NOCC(O)Cn1ccc2c(N)ncnc21,3.137782,5.506041,1.2725966,6.463874,1.3726234,1.0528184
N#Cc1cccc(COP(=O)([O-])OP(=O)([O-])OC[C@H]2C=CNCC2)c1,-20.303753,2.793314,4.8707504,21.06583,1.3374693,3.0048747
N#Cc1cccc(COP(=O)([O-])OP(=O)([O-])OCC[C@H]2C=CNCC2)c1,-5.686697,-15.535492,0.55279374,16.552813,1.5373944,-1.9216934
N#Cc1cccc(COP(=O)([O-])OP(=O)([O-])OC[C@H]2C=CNCC2)c1,-20.297243,2.9556584,4.916828,21.092398,1.3355228,2.9969902
CC(=O)c1cccc2[nH]c(CC(=O)NC(C)C(=O)N(C)c3c[nH]nn3)nc12,-6.0454836,2.155292,1.7906344,6.6632967,1.2987211,2.7991276
Nc1ncnc2c1ccn2COP(=O)([O-])OP(=O)([O-])OCc1cccc(CCO)c1,2.0389194,-8.861345,8.484164,12.436305,0.8200161,-1.3446411
O=C(C=Cc1c[nH]nn1)NC(CO)Cc1ccc(Cl)cc1,-5.2912197,2.097095,2.4517605,6.197253,1.164053,2.7642498
N#Cc1cccc(COP(=O)([O-])OP(=O)([O-])OCn2ccc3c(N)ncnc32)c1,-5.277228,9.773544,7.9916143,13.683465,0.94710636,2.065891
O=C(CS(=O)(=O)Cc1c[nH]nn1)N=C1C(=O)Nc2ccccc21,12.093363,-3.8208358,-4.8014226,13.561043,1.932705,-0.30602014
Cc1c(OCCCNCc2c[nH]nn2)[nH]c2ccc(O)cc12,7.976014,14.186609,14.639213,21.890255,0.8382637,1.0586185
N#Cc1cccc(COP(=O)([O-])OP(=O)([O-])OCC[C@H]2C=CNCC2)c1,-5.7508445,-15.554132,0.73665404,16.599575,1.5264039,-1.9249395
N#Cc1cccc(COP(=O)([O-])OP(=O)([O-])OC[C@H]2C=CNCC2)c1,-20.456327,2.9056587,4.8213024,21.216719,1.341553,3.0004945
N#Cc1cccc(COP(=O)([O-])OP(=O)([O-])OC[C@H]2C=CNCC2)c1,-20.165714,2.8857846,4.9452724,20.962812,1.3326446,2.9994543
OC(CON=Cc1c[nH]nn1)Cc1c[nH]c2ncc(F)cc12,6.4183445,5.6925406,-0.85930157,8.621981,1.6706262,0.72553986
NCc1ccc(CCCNC(=O)COc2c[nH]nn2)cc1,21.19138,-12.85891,-9.813145,26.659407,1.9477537,-0.54540384
Nc1ccc(OCCC(O)COc2cc3c(N)ncnc3[nH]2)cc1,3.0320444,5.9923882,1.4168274,6.86363,1.362876,1.1023741
N#Cc1cccc(COP(=O)([O-])OP(=O)([O-])OCn2ccc3c(N)ncnc32)c1,-5.234169,9.730473,8.034775,13.661488,0.9420476,2.064314
N#Cc1cccc(COP(=O)([O-])OP(=O)([O-])OCn2ccc3c(N)ncnc32)c1,-5.166184,9.662483,8.102784,13.627479,0.9340387,2.061789
CC(=O)c1cccc2[nH]c(CCNC(=O)COc3c[nH]nn3)nc12,6.083621,5.545399,-0.4643898,8.24485,1.627151,0.7391485
N#Cc1cccc(COP(=O)([O-])OP(=O)([O-])OCn2ccc3c(N)ncnc32)c1,-5.1892233,9.685568,8.079718,13.638919,0.93675977,2.0626478
N#Cc1cccc(COP(=O)([O-])OP(=O)([O-])OCC[C@H]2C=CNCC2)c1,-5.995977,-15.525578,0.5609124,16.652626,1.5371069,-1.9393498
CC(=O)c1cccc2[nH]c(CC(O)CON=Cc3c[nH]nn3)nc12,6.3422165,5.678306,-0.76560855,8.547107,1.6604917,0.7302228
N#Cc1cccc(COP(=O)([O-])OP(=O)([O-])OCC[C@H]2C=CNCC2)c1,-5.681322,-15.543789,0.78960204,16.568352,1.523121,-1.9212161
N#Cc1cccc(OCC(=O)NCCCc2c[nH]nn2)c1,0.98955107,3.8186607,5.0104218,6.376967,0.6669596,1.3172381
O=C(NCn1c(=O)[nH]c2ccccc21)OCC[C@H]1C=CNCC1,-1.2933903,8.47583,-2.3772821,8.897417,1.84127,1.7222255
N#Cc1cccc(COP(=O)([O-])OP(=O)([O-])OC[C@H]2C=CNCC2)c1,-20.411612,2.9145184,4.959876,21.206806,1.3347285,2.999764
Cc1c(OCCCNCc2c[nH]nn2)[nH]c2ccc(O)cc12,7.9416447,14.096685,14.549012,21.759136,0.838419,1.0577465
O=C(NCCCc1c[nH]nn1)OCn1c(=O)[nH]c2ccccc21,1.9274435,8.191122,1.5479743,8.556036,1.3888726,1.3396916
O=C(CS(=O)(=O)Cc1cc(C(=O)O)ccc1Cl)N=C1C(=O)Nc2ccccc21,12.778366,-5.005497,-4.9226265,14.579914,1.915195,-0.3733451
O=C(CS(=O)(=O)Cc1cc(C(=O)O)ccc1Cl)N=C1CCOCC1,12.845299,-5.0760813,-4.978241,14.681662,1.9167339,-0.37633598
CC(=O)c1cccc2[nH]c(OCC(O)CCOc3c[nH]nn3)nc12,5.944503,5.7363715,-0.37867093,8.269611,1.616603,0.7675819
Nc1ncnc2c1ccn2CCNC(=O)COc1cccc(CCO)c1,2.5442257,-4.481983,13.168586,14.141177,0.37304273,-1.0544986
N#Cc1cccc(COP(=O)([O-])OP(=O)([O-])OCn2ccc3c(N)ncnc32)c1,-5.2250996,9.721415,8.043878,13.656922,0.94097996,2.0639791
N#Cc1cccc(COP(=O)([O-])OP(=O)([O-])OCC[C@H]2C=CNCC2)c1,-5.9379816,-15.423832,0.7418678,16.54402,1.5259392,-1.9382942
O=C(NCCCc1c[nH]nn1)OCn1c(=O)[nH]c2ccccc21,1.9704647,8.149145,1.5015652,8.517394,1.3935761,1.33355
OC(CON=Cc1c[nH]nn1)Cc1c[nH]c2ncc(F)cc12,6.470766,5.713412,-0.9362979,8.682773,1.6788404,0.72331923
CC(=O)c1cccc2[nH]c(CCNC(=O)COc3c[nH]nn3)nc12,6.1119337,5.547173,-0.47094464,8.267324,1.6277918,0.73699653
N#Cc1cccc(COP(=O)([O-])OP(=O)([O-])OC[C@H]2C=CNCC2)c1,-20.20995,2.934814,4.8821373,20.99739,1.336137,2.9973843
N#Cc1cccc(COP(=O)([O-])OP(=O)([O-])OC[C@H]2C=CNCC2)c1,-20.42593,2.972498,4.800684,21.192001,1.3422798,2.9970813
N#Cc1cccc(COP(=O)([O-])OP(=O)([O-])OC[C@H]2C=CNCC2)c1,-20.342464,2.8611035,4.7994785,21.095894,1.3412788,3.0018623
O=C(NCCCc1c[nH]nn1)OCn1c(=O)[nH]c2ccccc21,1.9628029,8.155607,1.5109255,8.523463,1.3925879,1.3346188
NCc1ccc(CCCNC(=O)COc2c[nH]nn2)cc1,21.173946,-12.756517,-9.70853,26.557865,1.9450322,-0.54222846
Nc1ncnc2c1ccn2CCNC(=O)COc1cccc(CCO)c1,2.5566254,-4.465917,13.154744,14.125439,0.37288454,-1.0508618
N#Cc1cccc(COP(=O)([O-])OP(=O)([O-])OCC[C@H]2C=CNCC2)c1,-5.897591,-15.565708,0.76052547,16.66287,1.5251385,-1.9329674
Cc1c(OCCCNCc2c[nH]nn2)[nH]c2ccc(O)cc12,8.027015,14.280592,14.747245,22.041994,0.83786356,1.0587164
CC(CCc1c[nH]nn1)NC(=O)C(C)(C)Oc1ccc2c(c1)NC(=O)CC(=O)N2C,2.6152964,3.6443162,5.7944508,7.327788,0.6587626,0.94833124
Nc1ncnc2c1ccn2COP(=O)([O-])OP(=O)([O-])OCc1cccc(CCO)c1,2.1077652,-8.931286,8.41545,12.4511175,0.82863945,-1.3390388
CC1CC(=O)N(OCCCOCCn2c(=O)[nH]c3ccccc32)N1C,6.5902567,1.3099661,10.720408,12.6520605,0.5598683,0.19621561
CC(=O)c1cccc2[nH]c(CC(=O)NC(C)C(=O)N(C)c3c[nH]nn3)nc12,-5.9574804,2.0346203,1.8626802,6.565122,1.2831212,2.812489
N#Cc1cccc(COP(=O)([O-])OP(=O)([O-])OCC[C@H]2C=CNCC2)c1,-5.879268,-15.643223,0.7403219,16.72795,1.5265253,-1.9302987
N#Cc1cccc(COP(=O)([O-])OP(=O)([O-])OCn2ccc3c(N)ncnc32)c1,-5.228547,9.724827,8.040441,13.658648,0.94138336,2.064108
N#Cc1cccc(COP(=O)([O-])OP(=O)([O-])OC[C@H]2C=CNCC2)c1,-20.423536,2.955852,4.9335938,21.217876,1.3361278,2.9978628
O=C(CS(=O)(=O)Cc1c[nH]nn1)N=C1C(=O)Nc2ccccc21,12.094521,-3.8229647,-4.801424,13.562675,1.9326596,-0.3061527
O=C(CS(=O)(=O)Cc1ccc(Cl)cc1)N=C1CC=CNC1=O,11.104534,-1.9345269,-3.4245734,11.780525,1.8657525,-0.17247957
O=C1[C@H](Cl)C=NCN1COP(=O)([O-])OP(=O)([O-])OCc1ccc(Cl)cc1,6.194602,5.847223,-4.4469323,9.6092825,2.051919,0.7565584
Cc1csc(OCC(=O)NCCCc2c[nH]nn2)c1,-0.7340069,2.766141,4.4591885,5.298553,0.5705832,1.8301729
N#Cc1cccc(COP(=O)([O-])OP(=O)([O-])OCC[C@H]2C=CNCC2)c1,-5.9654374,-15.56679,0.8648503,16.693092,1.5189643,-1.9367502
CC(=O)c1cccc2[nH]c(CCNC(=O)OCc3c[nH]nn3)nc12,-7.968768,19.48017,4.8054686,21.588673,1.3463238,1.9590977
O=C(CS(=O)(=O)Cc1c[nH]nn1)N=C1C(=O)Nc2ccccc21,12.094137,-3.821386,-4.801837,13.562035,1.93271,-0.30604312
CC(=O)c1cccc2[nH]c(CCNC(=O)OCc3c[nH]nn3)nc12,-7.877683,19.389103,4.714383,21.452753,1.3492314,1.956717
NCc1ccc(CCCNC(=O)COc2c[nH]nn2)cc1,21.09975,-12.662758,-9.898989,26.524233,1.953258,-0.54052085
N#Cc1cccc(COP(=O)([O-])OP(=O)([O-])OCC[C@H]2C=CNCC2)c1,-5.90823,-15.91519,0.8640163,16.99844,1.5199453,-1.9262595
Nc1ccc(NC(=O)CCC(=O)N=NC=C2C(=O)Nc3ccccc32)cc1,-3.2890036,-9.93898,15.324239,18.55891,0.5993403,-1.8903729
Cc1cscc1C(=O)NCC(=O)NCC[C@H]1C=CNCC1,-7.467799,6.061423,-10.627439,14.333573,2.4060054,2.4597735
Nc1ccc(NC(=O)CCC(=O)N=NC=C2C(=O)Nc3ccccc32)cc1,-3.333793,-9.894667,15.334146,18.551405,0.5977997,-1.8957788
O=C(CS(=O)(=O)CN1C=NC[C@@H](Cl)C1=O)N=C1C(=O)Nc2ccccc21,12.168171,-3.918713,-4.8417873,13.669806,1.9328502,-0.31155795
O=C1[C@H](Cl)CN=CN1COP(=O)([O-])OP(=O)([O-])OCc1ccc(Cl)cc1,6.1776714,5.8302007,-4.4704394,9.598943,2.0552468,0.7564693
N#Cc1cccc(COP(=O)([O-])OP(=O)([O-])OCC[C@H]2C=CNCC2)c1,-5.6617765,-15.353935,0.9883435,16.394386,1.5104743,-1.924077
CC(=O)C(C[C@H]1C=CNCC1)NC(=O)OCn1c(=O)[nH]c2ccccc21,-1.222353,8.434399,-2.2885928,8.824449,1.8331422,1.7147189
O=C(NCCc1c[nH]nn1)OCn1c(=O)[nH]c2ccccc21,2.0598736,8.055235,1.4181488,8.434515,1.4018575,1.3204427
N#Cc1cccc(COP(=O)([O-])OP(=O)([O-])OCC[C@H]2C=CNCC2)c1,-5.947015,-15.527409,0.80828166,16.646944,1.5222229,-1.9365631
N#Cc1cccc(COP(=O)([O-])OP(=O)([O-])OCC[C@H]2C=CNCC2)c1,-5.962438,-15.809895,0.8655441,16.919,1.5196159,-1.931436
N#Cc1cccc(COP(=O)([O-])OP(=O)([O-])OCC[C@H]2C=CNCC2)c1,-5.9419546,-15.717289,0.89157176,16.826612,1.5177857,-1.9322401
O=C(CS(=O)(=O)Cc1ccc(C(=O)O)c(Cl)c1)N=C1C(=O)Nc2ccccc21,12.743986,-4.9375186,-4.936749,14.531337,1.9174274,-0.36963135
N#Cc1cccc(COP(=O)([O-])OP(=O)([O-])OCn2ccc3c(N)ncnc32)c1,-5.0936165,9.589977,8.175454,13.5923,0.9254479,2.0590441
N#Cc1cccc(COP(=O)([O-])OP(=O)([O-])OC[C@H]2C=CNCC2)c1,-20.313787,2.7358365,4.9078655,21.076572,1.33578,3.0077195
N#Cc1cccc(CC(NC(=O)COc2ccc(Cl)cc2)C(=O)NCCO)c1,8.407313,20.325274,1.8530905,22.073368,1.486746,1.1785883
O=C(CS(=O)(=O)Cc1c[nH]c2ncc(F)cc12)N=C1CC=CNC1=O,11.087912,-1.9448698,-3.4088912,11.762008,1.8648374,-0.17363814
N#Cc1cccc(COP(=O)([O-])OP(=O)([O-])OC[C@H]2C=CNCC2)c1,-20.490501,2.8473778,5.007534,21.284822,1.333307,3.003516
CC1=C(CCO)C=CCN1OCCCCCOc1c[nH]nn1,-1.6854801,8.315567,-15.561597,17.724356,2.6424184,1.7707767
O=C(CS(=O)(=O)Cc1ccc(Cl)cc1)N=C1CC=CNC1=O,11.078985,-1.9430156,-3.3990676,11.750442,1.864262,-0.17361286
O=C(CS(=O)(=O)Cc1c[nH]nn1)N=C1C(=O)Nc2ccccc21,12.046572,-3.7706387,-4.800693,13.5049715,1.9342196,-0.303345
CC(=O)c1cccc2[nH]c(CCNC(=O)OCc3c[nH]nn3)nc12,-7.885348,19.396759,4.7220345,21.464169,1.3489858,1.9569186
Cc1c(OCCCNCc2c[nH]nn2)[nH]c2ccc(O)cc12,7.9551945,14.142265,14.595506,21.824701,0.8382555,1.0583978
OC(CON=Cc1c[nH]nn1)Cc1c[nH]c2ncc(F)cc12,6.500002,5.634893,-0.95855594,8.655684,1.6817669,0.71422756
Cc1c(OCCCNCc2c[nH]nn2)[nH]c2ccc(O)cc12,7.87253,14.112446,14.573146,21.760387,0.8369783,1.0619515
O=C(CS(=O)(=O)Cc1ccc(Cl)cc1)N=C1CC=CNC1=O,11.080944,-1.9798107,-3.4009726,11.758979,1.8642118,-0.17680249
Cc1cc(N)nc(OCC(O)CCOc2ccc3c(c2)NC(=O)CC(=O)N3C)c1,3.0193977,3.8812947,5.8076487,7.609862,0.7025855,0.9096548
Nc1ncnc2c1ccn2COP(=O)([O-])OP(=O)([O-])OCc1cccc(CCO)c1,1.9789457,-8.802326,8.5445175,12.42602,0.81257504,-1.3496525
Nc1ccc(NC(=O)CCC(=O)N=NC=C2C(=O)Nc3ccccc32)cc1,-3.2431753,-9.992481,15.30247,18.561613,0.60162866,-1.8846315
CC1CC(=O)N(OCCCCCn2c(=O)[nH]c3ccccc32)N1C,6.6448565,1.2573814,10.756374,12.705696,0.5612717,0.18701507
Cc1cc(N)nc(OCC(=O)NC(CO)Cc2cc(C)cs2)c1,8.239165,20.058825,2.120446,21.78845,1.4733223,1.1810571
Nc1ncnc2c1ccn2COP(=O)([O-])OP(=O)([O-])OCc1cccc(CCO)c1,2.065693,-8.889008,8.457714,12.442447,0.82337886,-1.3424617
N#Cc1cccc(COP(=O)([O-])OP(=O)([O-])OCC[C@H]2C=CNCC2)c1,-5.4941063,-15.444538,0.7623174,16.410364,1.5243262,-1.9125679
NCc1ccc(CC(O)CON=Cc2ccc(C(=O)O)c(Cl)c2)cc1,6.4792137,5.7575917,-0.89343166,8.713684,1.6735089,0.72649497
N#Cc1cccc(COP(=O)([O-])OP(=O)([O-])OCC[C@H]2C=CNCC2)c1,-5.456877,-15.638508,0.6127341,16.574554,1.5338196,-1.9065251
O=c1[nH]c2ccccc2n1OCCC(O)COc1c[nH]nn1,2.485855,7.530689,1.2987525,8.036014,1.4084679,1.2519616
NCc1ccc(CCCNC(=O)COc2c[nH]nn2)cc1,21.252096,-12.910042,-9.697307,26.690044,1.9426365,-0.5458951
N#Cc1cccc(COP(=O)([O-])OP(=O)([O-])OCn2ccc3c(N)ncnc32)c1,-5.2464423,9.742767,8.022551,13.667771,0.943487,2.0647645
Nc1ccc(NC(=O)CCC(=O)N=NC=C2C(=O)Nc3ccccc32)cc1,-3.4191332,-9.996631,15.455028,18.721136,0.5996397,-1.900352
Nc1ncnc2c1ccn2COP(=O)([O-])OP(=O)([O-])OCc1cccc(CCO)c1,1.9972143,-8.82056,8.52627,12.4293375,0.8148474,-1.3481239
O=C(CS(=O)(=O)Cc1cc(C(=O)O)ccc1Cl)N=C1C(=O)Nc2ccccc21,12.732862,-4.961136,-4.8674846,14.506242,1.9129791,-0.37153697
Cc1cc(N)nc(OCC(=O)NC(CO)Cc2cccc(C#N)c2)c1,8.2315035,20.143068,2.016558,21.853315,1.4783878,1.1828537
Cc1cc(N)nc(OCC(=O)NC(CO)Cc2ccc3c(c2)NC(=O)CC(=O)N3C)c1,3.0583715,3.9263191,5.817868,7.6561875,0.70765084,0.9090287
Cc1cc(N)nc(OCC(=O)NC(CO)Cc2cc(C)cs2)c1,8.292264,20.085768,2.1328065,21.834572,1.4729601,1.1792679
O=C(COc1c[nH]nn1)NCC(F)(F)c1ccccc1O,21.534723,-11.839918,-9.7441025,26.436253,1.9482867,-0.5026942
CC(NC(=O)Cc1ccc(Cl)cc1)C(=O)N(C)c1c[nH]nn1,-5.9558406,2.1146655,1.8368204,6.5816226,1.2879571,2.8004193
Cc1csc(C=NOCC(O)Cn2ccc3c(N)ncnc32)c1,3.1424007,5.5094295,1.2732694,6.4691353,1.3726807,1.0524503
N#Cc1cccc(OCC(=O)NCCCc2c[nH]nn2)c1,0.9875417,3.888678,5.0063763,6.415673,0.6755944,1.3221006
O=C1[C@H](Cl)CN=CN1COP(=O)([O-])OP(=O)([O-])OCc1ccc(Cl)cc1,6.232728,5.8851714,-4.503383,9.683109,2.054517,0.7567248
Cc1csc(COP(=O)([O-])OP(=O)([O-])OCC[C@H]2C=CNCC2)c1,-11.793148,3.0016537,-9.039422,15.159136,2.209683,2.8923595
O=C(NCC[C@H]1C=CNCC1)NCn1c(=O)[nH]c2ccccc21,-1.2462797,8.67075,-2.3129685,9.060074,1.8289465,1.7135524
NCc1ccc(CCCNC(=O)COc2c[nH]nn2)cc1,21.19791,-12.699247,-9.944131,26.636593,1.953388,-0.5397429
CC(=O)C(C[C@H]1C=CNCC1)NC(=O)OCc1ccc(C(=O)O)c(Cl)c1,-1.1603994,8.344288,-2.2271228,8.713997,1.8292439,1.7089752
O=C(CS(=O)(=O)Cc1c[nH]nn1)N=C1C(=O)Nc2ccccc21,11.98465,-3.7129831,-4.6956663,13.396543,1.9289155,-0.30043375
CC(=O)c1cccc2[nH]c(CC(=O)NC(C)C(=O)N(C)c3c[nH]nn3)nc12,-5.8855433,2.1845708,1.9540255,6.5749664,1.2690462,2.786179
Cc1csc(COP(=O)([O-])OP(=O)([O-])OCC[C@H]2C=CNCC2)c1,-11.815088,2.9059854,-9.023527,15.148106,2.208917,2.9004242
Nc1ncnc2c1ccn2COP(=O)([O-])OP(=O)([O-])OCc1cccc(CCO)c1,1.96698,-8.790379,8.556439,12.423864,0.811088,-1.3506576
N#Cc1cccc(COP(=O)([O-])OP(=O)([O-])OCC[C@H]2C=CNCC2)c1,-5.6517515,-15.694708,0.67215085,16.694847,1.5305245,-1.9164454
N#Cc1cccc(COP(=O)([O-])OP(=O)([O-])OC[C@H]2C=CNCC2)c1,-20.266277,2.7774463,4.9887686,21.055262,1.3315846,3.0053935
N#Cc1cccc(COP(=O)([O-])OP(=O)([O-])OC[C@H]2C=CNCC2)c1,-20.132584,2.7609043,4.744978,20.867638,1.3414053,3.0053067
O=C(NCC[C@H]1C=CNCC1)OCn1c(=O)[nH]c2ccccc21,-1.3650422,8.511139,-2.4318194,8.95637,1.8457667,1.729825
Nc1ccc(NC(=O)CCC(=O)N=NC=C2C(=O)Nc3ccccc32)cc1,-3.2492337,-10.06726,15.385058,18.671028,0.6023489,-1.882994
Cc1cc(N)nc(OCC(O)C(O)C(O)Cc2cccc(C#N)c2)c1,8.178015,20.027082,2.0917747,21.733374,1.4744,1.1831143
N#Cc1cccc(COP(=O)([O-])OP(=O)([O-])OCC[C@H]2C=CNCC2)c1,-5.8435984,-15.761183,0.60104966,16.82034,1.5350552,-1.9258436
N#Cc1cccc(COP(=O)([O-])OP(=O)([O-])OCC[C@H]2C=CNCC2)c1,-5.7364936,-15.77973,0.50595117,16.797714,1.5406716,-1.9194783
CC1CC(=O)N(OCCCOCCn2c(=O)[nH]c3ccccc32)N1C,6.5422096,1.3559742,10.662137,12.582541,0.5597734,0.20437174
N#Cc1cccc(COP(=O)([O-])OP(=O)([O-])OCC[C@H]2C=CNCC2)c1,-5.577492,-15.485321,0.53780293,16.467934,1.5381329,-1.9165106
Cc1c(OCCCNCc2c[nH]nn2)[nH]c2ccc(O)cc12,8.093662,14.288731,14.749454,22.073095,0.83899677,1.0554214
N#Cc1cccc(COP(=O)([O-])OP(=O)([O-])OC[C@H]2C=CNCC2)c1,-20.168308,3.1165547,4.8718414,20.981144,1.3364564,2.988278
N#Cc1cccc(CC(NC(=O)COc2ccc(Cl)cc2)C(=O)NCCO)c1,8.353462,20.228935,1.9617627,21.97359,1.481399,1.1791795
NCc1ccc(CC(O)CON=Cc2ccc(C(=O)O)c(Cl)c2)cc1,6.4186497,5.7510457,-0.834847,8.658554,1.6673651,0.7305952
Cc1csc(OCC(=O)NCCCn2ccnn2)c1,-0.67704964,2.8267717,4.542351,5.3927717,0.5692535,1.8058811
Cc1c(OCCCNCc2c[nH]nn2)[nH]c2ccc(O)cc12,7.940297,14.1360855,14.589393,21.81118,0.83807486,1.0590117
COC(C(C)=CC=CC(C)=Cc1c[nH]nn1)C(C)c1c[nH]nn1,-5.1513987,2.2006416,2.5860293,6.1698685,1.1383001,2.737866
O=c1[nH]c2ccccc2n1CSCCCc1c[nH]nn1,2.066351,8.08058,1.4041541,8.457968,1.4040086,1.3204432
O=c1[nH]c2ccccc2n1OCCC(O)COc1c[nH]nn1,2.4571476,7.5611844,1.3056743,8.056914,1.4080222,1.2565928
N#Cc1cccc(COP(=O)([O-])OP(=O)([O-])OCC[C@H]2C=CNCC2)c1,-5.614704,-15.828699,0.6688783,16.808332,1.5309913,-1.9116669
Cc1cscc1C(=O)NCC(=O)NCC[C@H]1C=CNCC1,-7.495794,6.0334153,-10.599418,14.31561,2.4044762,2.463867
O=C(CSCc1c[nH]nn1)NCn1c(=O)[nH]c2ccccc21,2.0809631,8.040592,1.3899648,8.421017,1.4049785,1.3175459
N#Cc1cccc(COP(=O)([O-])OP(=O)([O-])OCC[C@H]2C=CNCC2)c1,-5.5091567,-15.902994,0.55187154,16.839258,1.5380175,-1.9042805
Cc1csc(CS(=O)(=O)CC(=O)N=C2CCOCC2)c1,12.974018,-5.2005444,-5.1008167,14.879151,1.9207096,-0.3812329
Nc1ncnc2c1ccn2COP(=O)([O-])OP(=O)([O-])OCc1cccc(CCO)c1,2.049859,-8.873295,8.473437,12.439309,0.82141995,-1.3437647
NCc1ccc(CCCNC(=O)COc2c[nH]nn2)cc1,21.217867,-12.863884,-9.88573,26.709642,1.9499328,-0.5450215
CN1C(=O)CC(=O)Nc2cc(OCC(=O)NCCCc3c[nH]nn3)ccc21,2.4539404,3.672268,5.701312,7.211958,0.65911263,0.9817083
O=C(NCC[C@H]1C=CNCC1)OCn1c(=O)[nH]c2ccccc21,-1.3334575,8.541576,-2.400137,8.972029,1.8416077,1.72566
N#Cc1cccc(COP(=O)([O-])OP(=O)([O-])OC[C@H]2C=CNCC2)c1,-20.138035,2.7266393,4.7466974,20.868784,1.3413335,3.0070136
NCc1ccc(CCCNC(=O)COc2c[nH]nn2)cc1,21.268574,-12.856081,-9.940265,26.766394,1.9512815,-0.54369515
NCc1ccc(CCCNC(=O)COc2c[nH]nn2)cc1,21.116394,-12.76322,-9.691198,26.508888,1.9450554,-0.5436649
O=C(COc1c[nH]nn1)NCC(F)(F)c1ccccc1O,21.439415,-11.946508,-9.765942,26.414791,1.9494984,-0.5083708
Cc1cc(N)nc(OCC(=O)NC(CO)Cc2cccc(C#N)c2)c1,8.310639,20.15745,2.026705,21.89742,1.4781091,1.1797434
Cc1csc(C=CC(=O)NCCc2c[nH]nn2)c1,-0.55980206,2.9712143,4.47314,5.399118,0.59438235,1.7570218
Cc1csc(COP(=O)([O-])OP(=O)([O-])OCC[C@H]2C=CNCC2)c1,-11.8364105,2.8536654,-9.080927,15.18905,2.211625,2.9050152
NCc1ccc(CCCNC(=O)COc2c[nH]nn2)cc1,21.270731,-12.746014,-9.9636965,26.724148,1.9528587,-0.5398515
N#Cc1cccc(COP(=O)([O-])OP(=O)([O-])OCC[C@H]2C=CNCC2)c1,-5.853547,-15.78079,0.69376063,16.845732,1.5296015,-1.9259927
Cc1csc(COP(=O)([O-])OP(=O)([O-])OCC[C@H]2C=CNCC2)c1,-11.714912,2.9393783,-9.177713,15.169361,2.220583,2.8957586
CC1CC(=O)N(OCCCOCCn2c(=O)[nH]c3ccccc32)N1C,6.6406355,1.2486086,10.773269,12.716933,0.5601803,0.18585551
C1=C[C@H](OCCCCCCOc2c[nH]nn2)CCN1,-1.8704247,8.13068,-15.686707,17.767363,2.6527874,1.7969077
N#Cc1cccc(COP(=O)([O-])OP(=O)([O-])OC[C@H]2C=CNCC2)c1,-20.348675,2.7854066,4.871317,21.108215,1.3379189,3.0055542
N#Cc1ccc(OCC(=O)NCCCc2c[nH]nn2)cc1,1.0397754,3.825426,5.068968,6.4350176,0.6637034,1.3054016
Nc1ccc(NC(=O)CCC(=O)N=NC=C2C(=O)Nc3ccccc32)cc1,-3.3448439,-9.890763,15.279721,18.506351,0.59944755,-1.8969012
CC(=O)C(C[C@H]1C=CNCC1)NC(=O)OCn1c(=O)[nH]c2ccccc21,-1.184104,8.401644,-2.2590156,8.780254,1.8310064,1.7108113
COC(=O)C(Cc1c[nH]nn1)NC(=O)Cc1ccc(Cl)cc1,-5.6482086,2.0855894,2.1356933,6.388515,1.2299318,2.7878745
N#Cc1cccc(COP(=O)([O-])OP(=O)([O-])OC[C@H]2C=CNCC2)c1,-20.02037,2.7378726,4.8795214,20.787518,1.3338522,3.0056813
O=C(COn1c(=O)[nH]c2ccccc21)NCC[C@H]1C=CNCC1,-1.377523,8.605631,-2.4423766,9.050948,1.8440311,1.729522
O=C(NCC[C@H]1C=CNCC1)OCn1c(=O)[nH]c2ccccc21,-1.2623968,8.583216,-2.3107362,8.978014,1.8311033,1.7168267
O=C(C=Cc1c[nH]nn1)NC(CO)Cc1ccc(Cl)cc1,-5.3353457,2.0830526,2.4085639,6.213389,1.1727253,2.7693677
Cc1cscc1C(=O)NCC(=O)NCC[C@H]1C=CNCC1,-7.5304966,5.998732,-10.564739,14.293596,2.402565,2.4689333
Cc1csc(COP(=O)([O-])OP(=O)([O-])OCC[C@H]2C=CNCC2)c1,-11.663428,3.0932164,-9.098582,15.112503,2.2168708,2.882354
Nc1ccc(NC(=O)CCC(=O)N=NC=C2C(=O)Nc3ccccc32)cc1,-3.327455,-10.049753,15.450511,18.72933,0.60070616,-1.8905338
O=C(NCC[C@H]1C=CNCC1)OCn1c(=O)[nH]c2ccccc21,-1.360456,8.536243,-2.4265697,8.978114,1.8444761,1.7288412
CC(=O)c1cccc2[nH]c(CCNC(=O)COc3c[nH]nn3)nc12,6.0718994,5.5170903,-0.4319985,8.2154045,1.6234045,0.73756087
OCCc1cccc(OCCC(O)COc2c[nH]nn2)c1,2.62856,7.267615,1.34148,7.8439226,1.3989298,1.2237532
N#Cc1cccc(COP(=O)([O-])OP(=O)([O-])OCC[C@H]2C=CNCC2)c1,-5.6670694,-15.573061,0.3669808,16.576206,1.5486555,-1.919802
CC(=O)c1cccc2[nH]c(CCNC(=O)OCc3c[nH]nn3)nc12,-7.8586564,19.3701,4.695321,21.42441,1.3498454,1.956216
Cc1csc(COP(=O)([O-])OP(=O)([O-])OCC[C@H]2C=CNCC2)c1,-11.660345,3.0270672,-9.28076,15.2072115,2.2272189,2.887596
Nc1ccc(OCCC(O)COc2cc3c(N)ncnc3[nH]2)cc1,3.0736322,6.072659,1.4666126,6.9624243,1.3585597,1.1022466
Cc1cc(N)nc(OCC(=O)NC(CO)Cc2ccc3c(c2)NC(=O)CC(=O)N3C)c1,3.0527248,3.917676,5.833,7.6610184,0.70534635,0.9088562
N#Cc1cccc(OCC(=O)NCCCc2c[nH]nn2)c1,0.9916277,3.8507085,5.010907,6.396911,0.6707877,1.3187542
Cc1csc(COP(=O)([O-])OP(=O)([O-])OCC[C@H]2C=CNCC2)c1,-11.764486,3.0948634,-9.158514,15.22694,2.2161334,2.8843527
N#Cc1cccc(COP(=O)([O-])OP(=O)([O-])OCC[C@H]2C=CNCC2)c1,-5.5743904,-15.70669,0.44631648,16.672525,1.5440235,-1.9118346
O=C(COc1c[nH]nn1)NCC(F)(F)c1ccccc1O,21.45025,-11.879446,-9.769702,26.394726,1.9499543,-0.50576663
O=C(C=Cc1c[nH]nn1)NC(CO)Cc1ccc(Cl)cc1,-5.335274,2.0951552,2.4096153,6.217803,1.1728404,2.7673962
CN1C(=O)CC(=O)Nc2cc(OCC(=O)NCCCc3c[nH]nn3)ccc21,2.4781885,3.6895838,5.7179794,7.242219,0.6607467,0.9793368
N#Cc1cccc(COP(=O)([O-])OP(=O)([O-])OCC[C@H]2C=CNCC2)c1,-6.169146,-15.880356,0.57333064,17.046196,1.5371561,-1.9413294
Cc1csc(COP(=O)([O-])OP(=O)([O-])OCC[C@H]2C=CNCC2)c1,-11.82321,2.8637156,-9.2169075,15.262389,2.2191772,2.9039578
O=C(NCC[C@H]1C=CNCC1)NCn1c(=O)[nH]c2ccccc21,-1.4639196,8.531725,-2.532237,9.01918,1.8553836,1.740727
N#Cc1cccc(CCNC(=O)CN(C=O)c2c[nH]nn2)c1,0.8606105,3.7292562,4.9328375,6.243468,0.6598572,1.3439941
Nc1ccc(NC(=O)CCC(=O)N=NC=C2C(=O)Nc3ccccc32)cc1,-3.407159,-9.938187,15.428687,18.66603,0.5978193,-1.9010739
N#Cc1cccc(COP(=O)([O-])OP(=O)([O-])OCC[C@H]2C=CNCC2)c1,-5.8344207,-15.664494,0.37829375,16.720045,1.5481693,-1.9273396
Nc1ccc(NC(=O)CCC(=O)N=NC=C2C(=O)Nc3ccccc32)cc1,-3.1832967,-10.17642,15.556071,18.859594,0.6008843,-1.8739645
Nc1ncnc2c1ccn2COP(=O)([O-])OP(=O)([O-])OCc1cccc(CCO)c1,2.1318989,-8.9553585,8.391544,12.456382,0.83162695,-1.337088
Cc1csc(COP(=O)([O-])OP(=O)([O-])OCC[C@H]2C=CNCC2)c1,-11.588974,2.9856462,-9.165835,15.074181,2.2243967,2.8894475
O=C(COc1c[nH]nn1)NCC(F)(F)c1ccccc1O,21.531109,-11.884655,-9.712728,26.441837,1.9469268,-0.504359
CC1CC(=O)N(OCCCOCCn2c(=O)[nH]c3ccccc32)N1C,6.552561,1.3112454,10.707098,12.621305,0.5579633,0.19750316
Cc1csc(COS(=O)(=O)NC(=O)CC[C@H]2C=CNCC2)c1,-11.751994,3.017438,-8.687722,14.922829,2.1921995,2.8902621
N#Cc1cccc(OCC(=O)NCCCc2c[nH]nn2)c1,0.98662853,3.8274317,5.007491,6.37947,0.66819954,1.3185105
O=C(COc1c[nH]c2ncc(F)cc12)NC(CO)CN1CN=CC(Cl)C1=O,6.4796276,5.718639,-1.3877525,8.752957,1.7300149,0.7230939
Cc1c(OCCCNCc2c[nH]nn2)[nH]c2ccc(O)cc12,8.019056,14.236038,14.691218,21.972755,0.8384575,1.057805
CC1CC(=O)N(OCCCOCCn2c(=O)[nH]c3ccccc32)N1C,6.622361,1.25066,10.767819,12.702982,0.5592358,0.18665573
CC(=O)c1cccc2[nH]c(CC(=O)NC(C)C(=O)N(C)c3c[nH]nn3)nc12,-5.9848847,2.1043582,1.850888,6.6085515,1.2869244,2.8034823
NCc1ccc(CCCNC(=O)COc2c[nH]nn2)cc1,21.181993,-12.708246,-9.915194,26.617428,1.952506,-0.5403865
CC(=O)c1cccc2[nH]c(CC(O)CNC(=O)COc3c[nH]nn3)nc12,6.127185,5.613025,-0.5118444,8.325289,1.6323158,0.7416314
N#Cc1cccc(COP(=O)([O-])OP(=O)([O-])OC[C@H]2C=CNCC2)c1,-20.24055,2.7398953,4.69633,20.95811,1.3447956,3.0070438
NCc1ccc(CCCNC(=O)COc2c[nH]nn2)cc1,21.252882,-12.902227,-9.722203,26.69595,1.9435514,-0.5456101
Nc1ncnc2c1ccn2COP(=O)([O-])OP(=O)([O-])OCc1cccc(CCO)c1,1.9485703,-8.772036,8.574938,12.420753,0.80879337,-1.3522111
N#Cc1cccc(CC(NC(=O)COc2ccc(Cl)cc2)C(=O)NCCO)c1,8.372987,20.307268,1.8894932,22.04682,1.4849874,1.179719
Cc1csc(CNC(=O)NCCCc2c[nH]nn2)c1,-0.62876797,2.8792381,4.506365,5.3844857,0.5791713,1.7858008
Nc1ncnc2c1ccn2COP(=O)([O-])OP(=O)([O-])OCc1cccc(CCO)c1,2.1029482,-8.926321,8.420524,12.450173,0.8280169,-1.3394257
CC1CC(=O)N(OCCCCCn2c(=O)[nH]c3ccccc32)N1C,6.685293,1.2182832,10.799497,12.759564,0.56163704,0.18025532
Nc1ncnc2c1ccn2COP(=O)([O-])OP(=O)([O-])OCc1cccc(CCO)c1,1.9409924,-8.764246,8.582808,12.419503,0.8078211,-1.3528471
CN(Cn1ccc2c(N)ncnc21)C(=O)COc1cccc(CCO)c1,2.6152115,-4.4107633,13.097381,14.065402,0.3731678,-1.0356021
CC(NC(=O)Cc1ccc(Cl)cc1)C(=O)N(C)c1c[nH]nn1,-6.029901,2.0908394,1.8013399,6.631451,1.2957039,2.8078203
Cc1csc(COP(=O)(O)OC(=O)Cc2c[nH]nn2)c1,-0.56676245,2.93864,4.5171146,5.418593,0.5851443,1.7613225
Nc1ncnc2c1ccn2COP(=O)([O-])OP(=O)([O-])OCc1cccc(CCO)c1,2.0073166,-8.830742,8.516116,12.431233,0.816113,-1.3472842
N#Cc1cccc(CC(NC(=O)COc2ccc(Cl)cc2)C(=O)NCCO)c1,8.394299,20.29931,1.8942645,22.048004,1.4847748,1.178684
CN1C(=O)CC(=O)Nc2cc(OCCCCON3CCCCC3)ccc21,2.8385792,3.6355681,5.962351,7.5382037,0.65843445,0.90788525
O=C1[C@H](Cl)CN=CN1COP(=O)([O-])OP(=O)([O-])OCc1ccc(Cl)cc1,6.0370016,5.6885467,-4.302349,9.344258,2.0492725,0.7556893
NCc1ccc(CCCNC(=O)COc2c[nH]nn2)cc1,21.003685,-12.665867,-9.914391,26.455135,1.9549369,-0.542645
Cc1csc(COP(=O)([O-])OP(=O)([O-])OCC[C@H]2C=CNCC2)c1,-11.711651,3.0897326,-9.265685,15.249988,2.2238145,2.8836527
CC1CC(=O)N(OCCCCCOc2ccc3c(c2)NC(=O)CC(=O)N3C)N1C,2.9241114,3.6006227,6.0616236,7.632705,0.65316486,0.88871306
Cc1csc(COP(=O)([O-])OP(=O)([O-])OCC[C@H]2C=CNCC2)c1,-11.617098,2.9674683,-9.302445,15.175583,2.2306328,2.891501
Cc1csc(COS(=O)(=O)NC(=O)CC[C@H]2C=CNCC2)c1,-11.875662,2.9033723,-8.568912,14.929405,2.1821322,2.9018152
N#Cc1ccc(OCC(=O)NCCCc2c[nH]nn2)cc1,0.96630573,3.9224334,4.973686,6.407557,0.68214536,1.3292525
NCc1ccc(CCCNC(=O)COc2c[nH]nn2)cc1,21.012327,-12.972761,-9.877124,26.59639,1.9512813,-0.55310684
Cc1cscc1C(=O)NCC(=O)NCC[C@H]1C=CNCC1,-7.4887805,6.040442,-10.606475,14.320128,2.404862,2.462841
OC(CON=Cc1c[nH]nn1)Cc1c[nH]c2ncc(F)cc12,6.4724607,5.6825337,-0.93245554,8.663338,1.6786376,0.72050154
N#Cc1cccc(COP(=O)([O-])OP(=O)([O-])OCC[C@H]2C=CNCC2)c1,-5.642005,-15.881397,0.92860913,16.879375,1.5157541,-1.9121482
N#Cc1cccc(COP(=O)([O-])OP(=O)([O-])OCC[C@H]2C=CNCC2)c1,-5.9703913,-15.589891,0.36787868,16.698072,1.5487634,-1.9365321
N#Cc1cccc(COP(=O)([O-])OP(=O)([O-])OCC[C@H]2C=CNCC2)c1,-5.828082,-15.309271,0.47375417,16.387947,1.5418836,-1.9345459
N#Cc1cccc(COP(=O)([O-])OP(=O)([O-])OCC[C@H]2C=CNCC2)c1,-6.013453,-15.610367,0.4620006,16.734951,1.543186,-1.9384983
CC(NC(=O)Cc1ccc(Cl)cc1)C(=O)N(C)c1c[nH]nn1,-5.929956,2.1611872,1.9157231,6.59584,1.2761054,2.792101
N#Cc1cccc(CC(NC(=O)COc2ccc(Cl)cc2)C(=O)NCCO)c1,8.384579,20.28971,1.9461772,22.039988,1.4823791,1.178926
N#Cc1cccc(COP(=O)([O-])OP(=O)([O-])OC[C@H]2C=CNCC2)c1,-20.470722,2.758379,5.107568,21.277838,1.3283875,3.0076518
CC(=O)c1cccc2[nH]c(CC(O)CON=Cc3c[nH]nn3)nc12,6.4717455,5.6238856,-0.8091359,8.611985,1.6648897,0.71541625
Cc1csc(COS(=O)(=O)NC(=O)CC[C@H]2C=CNCC2)c1,-11.914323,2.882979,-8.573516,14.958872,2.181128,2.9041803
O=C(CS(=O)(=O)Cc1ccc(Cl)cc1)N=C1CC=CNC1=O,11.111748,-1.9278638,-3.4317756,11.788328,1.86619,-0.17178774
NCc1ccc(CCCNC(=O)COc2c[nH]nn2)cc1,21.250935,-12.875877,-9.71884,26.680449,1.9436432,-0.54474425
O=C1[C@H](Cl)CN=CN1COP(=O)([O-])OP(=O)([O-])OCc1ccc(Cl)cc1,6.1537876,5.8059726,-4.42255,9.546589,2.0524662,0.7563243
N#Cc1cccc(COP(=O)([O-])OP(=O)([O-])OCC[C@H]2C=CNCC2)c1,-5.733712,-15.677027,0.54272723,16.701473,1.5382948,-1.9214238
N#Cc1cccc(COP(=O)([O-])OP(=O)([O-])OCC[C@H]2C=CNCC2)c1,-5.7891793,-15.945133,0.5007956,16.970936,1.541283,-1.9190658
C1=C[C@H](OCCCCCCOc2c[nH]nn2)CCN1,-1.8754187,8.125607,-15.549198,17.64427,2.649319,1.7976277
Nc1ccc(NC(=O)CCC(=O)N=NC=C2C(=O)Nc3ccccc32)cc1,-3.2576277,-9.940586,15.319774,18.550549,0.5991072,-1.8874772
N#Cc1cccc(COP(=O)([O-])OP(=O)([O-])OCC[C@H]2C=CNCC2)c1,-5.460096,-15.723413,0.7030866,16.659313,1.52858,-1.9050272
Cc1cc(N)nc(OCC(=O)NC(CO)Cc2ccc3c(c2)NC(=O)CC(=O)N3C)c1,3.0469847,3.9198227,5.8255424,7.654154,0.7057958,0.91003394
CC(C=CC=C1CC=CNC1=O)=CC=Cc1c[nH]nn1,-5.117588,2.1717906,2.6142843,6.143359,1.1312307,2.7402492
CC(NC(=O)Cc1ccc(Cl)cc1)C(=O)N(C)c1c[nH]nn1,-5.9502053,2.0882254,1.883703,6.581334,1.2805178,2.8040717
N#Cc1cccc(COP(=O)([O-])OP(=O)([O-])OCC[C@H]2C=CNCC2)c1,-5.381924,-15.324991,0.5695746,16.252535,1.5357438,-1.9085274
O=C(C=Cc1c[nH]nn1)NC(CO)Cc1ccc(Cl)cc1,-5.3605547,2.0739355,2.385574,6.22316,1.1773885,2.7724404
NCc1ccc(CCCNC(=O)COc2c[nH]nn2)cc1,21.348366,-12.750196,-9.74432,26.707151,1.9442767,-0.538391
N#Cc1cccc(COP(=O)([O-])OP(=O)([O-])OCC[C@H]2C=CNCC2)c1,-5.7272987,-15.877165,0.42597795,16.883951,1.5455639,-1.916994
O=C(COc1c[nH]nn1)NCC(F)(F)c1ccccc1O,21.520065,-11.871082,-9.702801,26.4231,1.946803,-0.5040927
CC(=O)c1cccc2[nH]c(CCNC(=O)OCc3c[nH]nn3)nc12,-7.9127407,19.424162,4.749427,21.505037,1.3481085,1.9576365
O=C(COc1c[nH]c2ncc(F)cc12)NC(CO)CN1CN=CC(Cl)C1=O,6.5040054,5.6926446,-1.3587801,8.749547,1.7267246,0.7189728
N#Cc1cccc(COP(=O)([O-])OP(=O)([O-])OCn2ccc3c(N)ncnc32)c1,-5.2224555,9.718784,8.046623,13.655657,0.94066364,2.063881
N#Cc1cccc(COP(=O)([O-])OP(=O)([O-])OC[C@H]2C=CNCC2)c1,-20.18338,2.7859874,4.6794147,20.905201,1.3450439,3.0044258
O=C1[C@H](Cl)CN=CN1COP(=O)([O-])OP(=O)([O-])OCc1ccc(Cl)cc1,6.0985146,5.752484,-4.492145,9.5111685,2.062697,0.756208
NCc1ccc(CCCNC(=O)COc2c[nH]nn2)cc1,21.117039,-12.815414,-9.653922,26.52098,1.9433668,-0.5454597
O=C(CS(=O)(=O)Cc1c[nH]nn1)N=C1C(=O)Nc2ccccc21,12.032715,-3.7571733,-4.7498465,13.470843,1.9311466,-0.30265394
NCc1ccc(CCCNC(=O)COc2c[nH]nn2)cc1,21.148668,-12.748074,-9.706091,26.532766,1.945305,-0.54246384
O=C(C=Cc1c[nH]nn1)NC(CO)Cc1ccc(Cl)cc1,-5.3799286,2.0925236,2.3704345,6.2402925,1.1811519,2.7706482
Cc1c(OCCCNCc2c[nH]nn2)[nH]c2ccc(O)cc12,7.8744793,14.1267395,14.584067,21.777678,0.83701897,1.0622768
N#Cc1cccc(COP(=O)([O-])OP(=O)([O-])OCC[C@H]2C=CNCC2)c1,-5.9073095,-15.325813,0.46846128,16.431564,1.5422826,-1.9386955
COC(C(C)=CC=CC(C)=Cc1c[nH]nn1)C(C)c1c[nH]nn1,-5.1520796,2.1907396,2.5840442,6.1660805,1.1383711,2.73954
CN1C(=O)CC(=O)Nc2cc(OCC(=O)NCC[C@H]3C=CNCC3)ccc21,2.5956764,3.5932255,5.8340597,7.3270087,0.6497413,0.9452072
O=C(COc1c[nH]nn1)NCC(F)(F)c1ccccc1O,21.484175,-11.827381,-9.695327,26.3715,1.9472708,-0.5032393
O=C(CS(=O)(=O)CN1CN=CC(Cl)C1=O)N=C1C(=O)Nc2ccccc21,12.149405,-3.9017625,-4.819377,13.640314,1.9319124,-0.31074437
Cc1c(OCCCNCc2c[nH]nn2)[nH]c2ccc(O)cc12,7.8304605,14.247553,14.702559,21.91972,0.83558244,1.06826
CC(=O)c1cccc2[nH]c(CCNC(=O)OCc3c[nH]nn3)nc12,-7.9097757,19.421204,4.7464542,21.500616,1.3482038,1.9575586
NCc1ccc(CCCNC(=O)COc2c[nH]nn2)cc1,21.43659,-12.740683,-9.6923895,26.754341,1.9415023,-0.5362494
N#Cc1cccc(CC(NC(=O)COc2ccc(Cl)cc2)C(=O)NCCO)c1,8.415167,20.32169,1.872225,22.074677,1.4858811,1.1781961
N#Cc1cccc(COP(=O)([O-])OP(=O)([O-])OC[C@H]2C=CNCC2)c1,-20.543003,2.9231381,4.911392,21.323261,1.3383793,3.000248
O=C(COc1c[nH]nn1)NCC(F)(F)c1ccccc1O,21.472359,-11.910934,-9.695737,26.399618,1.9468665,-0.5064522
O=C(COc1c[nH]nn1)NCC(F)(F)c1ccccc1O,21.466658,-11.891228,-9.755046,26.407946,1.9491576,-0.50586265
NCc1ccc(CCCNC(=O)COc2c[nH]nn2)cc1,21.101559,-12.942833,-9.831508,26.635527,1.9488504,-0.5501845
CN1C(=O)CC(=O)Nc2cc(CS(=O)(=O)CC(=O)N=C3CCOCC3)ccc21,12.849941,-5.0574045,-5.0380836,14.699681,1.9206221,-0.3749546
CC(=O)c1cccc2[nH]c(CCNC(=O)OCc3c[nH]nn3)nc12,-8.002739,19.514149,4.8394184,21.63945,1.3452501,1.9599786
Cc1csc(COS(=O)(=O)NC(=O)CC[C@H]2C=CNCC2)c1,-11.868307,2.9157953,-8.66501,14.981355,2.1875455,2.9006848
Cc1csc(COP(=O)([O-])OP(=O)([O-])OCC[C@H]2C=CNCC2)c1,-11.676662,2.9213834,-9.262261,15.187772,2.2266676,2.8964353
CN1C(=O)CC(=O)Nc2cc(OCCCCCO[C@H]3C=CNCC3)ccc21,2.7825146,3.5662236,6.004917,7.517936,0.64558923,0.9082201
Cc1csc(OCC(=O)NCCCc2c[nH]nn2)c1,-0.6365638,2.8578477,4.56061,5.419564,0.57072663,1.7899609
O=C(NCC[C@H]1C=CNCC1)NCn1c(=O)[nH]c2ccccc21,-1.3976822,8.513613,-2.4645796,8.972695,1.8490485,1.7335151
N#Cc1cccc(COP(=O)([O-])OP(=O)([O-])OCC[C@H]2C=CNCC2)c1,-5.530005,-15.901207,0.68041825,16.849104,1.5304023,-1.9054855
OC(CON=Cc1c[nH]nn1)Cc1c[nH]c2ncc(F)cc12,6.4647427,5.6700034,-0.9097812,8.646938,1.6762056,0.7199987
O=C(C=Cc1c[nH]nn1)NC(CO)Cc1ccc(Cl)cc1,-5.3486443,2.0702705,2.3950722,6.215335,1.1752105,2.772287
N#Cc1cccc(COP(=O)([O-])OP(=O)([O-])OCC[C@H]2C=CNCC2)c1,-6.206059,-15.813509,0.7451308,17.004042,1.5269614,-1.9447798
O=C(CS(=O)(=O)Cc1cc(C(=O)O)ccc1Cl)N=C1C(=O)Nc2ccccc21,12.880188,-5.112911,-4.929515,14.708542,1.9125569,-0.3778824
Cc1csc(COS(=O)(=O)NC(=O)CC[C@H]2C=CNCC2)c1,-11.841551,2.9183807,-8.655895,14.955393,2.1880293,2.8999555
Cc1csc(COP(=O)([O-])OP(=O)([O-])OCC[C@H]2C=CNCC2)c1,-11.877214,3.1942835,-9.30751,15.424053,2.218606,2.8788671
Cc1cscc1C=NOCC(O)Cn1ccc2c(N)ncnc21,3.138813,5.500151,1.270859,6.4590163,1.3727468,1.0522165
Cc1csc(COP(=O)([O-])OP(=O)([O-])OCC[C@H]2C=CNCC2)c1,-11.770072,3.1110988,-9.304891,15.323007,2.2233906,2.8831797
CC1CC(=O)N(OCCCOCCn2c(=O)[nH]c3ccccc32)N1C,6.582343,1.3161244,10.702799,12.633658,0.56016874,0.19734529
N#Cc1cccc(COP(=O)([O-])OP(=O)([O-])OCC[C@H]2C=CNCC2)c1,-5.511835,-15.602215,0.8746307,16.570288,1.5179887,-1.9103836
N#Cc1cccc(COP(=O)([O-])OP(=O)([O-])OC[C@H]2C=CNCC2)c1,-20.43684,2.7468424,4.7726755,21.165728,1.3433496,3.007987
NCc1ccc(CCCNC(=O)COc2c[nH]nn2)cc1,21.314238,-12.741241,-9.902338,26.733728,1.9502426,-0.5387861
Cc1cscc1C=CC(=O)CC(=O)C=Cc1c[nH]nn1,-5.237785,2.1427832,2.4953034,6.1848564,1.155508,2.7532654
O=C1[C@H](Cl)CN=CN1COP(=O)([O-])OP(=O)([O-])OCc1ccc(Cl)cc1,6.172573,5.8250546,-4.4334574,9.575357,2.052181,0.7564407
NCc1ccc(CCCNC(=O)COc2c[nH]nn2)cc1,21.407438,-12.827093,-9.999698,26.885065,1.9518971,-0.5398227
Cc1csc(COP(=O)([O-])OP(=O)([O-])OCC[C@H]2C=CNCC2)c1,-11.86164,3.0203614,-9.034167,15.213062,2.206623,2.8922586
CC1CC(=O)N(OCCCOCCn2c(=O)[nH]c3ccccc32)N1C,6.614996,1.3242068,10.694372,12.644417,0.56277424,0.19757108
C1=C[C@H](OCCCCCCOc2c[nH]nn2)CCN1,-1.8174505,8.183624,-15.674467,17.77537,2.650479,1.7893333
CC(NC(=O)Cc1ccc(Cl)cc1)C(=O)N(C)c1c[nH]nn1,-5.919804,2.1403322,1.9087727,6.5778804,1.2763809,2.7946615
N#Cc1cccc(CC(NC(=O)COc2ccc(Cl)cc2)C(=O)NCCO)c1,8.45204,20.356348,1.8367631,22.117676,1.4876555,1.177252
Cc1csc(COP(=O)([O-])OP(=O)([O-])OCC[C@H]2C=CNCC2)c1,-11.620247,3.0365949,-9.102876,15.070281,2.2193425,2.8859892
N#Cc1cccc(COP(=O)([O-])OP(=O)([O-])OCC[C@H]2C=CNCC2)c1,-5.8832116,-15.3178005,0.6623695,16.422117,1.5304514,-1.9375008
O=C(CS(=O)(=O)Cc1ccc(Cl)cc1)N=C1CC=CNC1=O,11.102205,-1.9386332,-3.4221196,11.778292,1.8655924,-0.17287397
O=C(NCC[C@H]1C=CNCC1)NCn1c(=O)[nH]c2ccccc21,-1.273458,8.592699,-2.3330073,8.994392,1.8331814,1.7179277
O=C(COc1c[nH]nn1)NCC(F)(F)c1ccccc1O,21.454954,-11.872202,-9.69957,26.369411,1.9474752,-0.5054152
N#Cc1cccc(COP(=O)([O-])OP(=O)([O-])OCC[C@H]2C=CNCC2)c1,-5.8081346,-15.565683,0.5568311,16.623327,1.5372931,-1.9279327
Cc1csc(COP(=O)([O-])OP(=O)([O-])OCC[C@H]2C=CNCC2)c1,-11.91362,3.1745353,-9.019719,15.276365,2.2023954,2.8811808
N#Cc1cccc(COP(=O)([O-])OP(=O)([O-])OCC[C@H]2C=CNCC2)c1,-5.50795,-15.277958,0.7367332,16.257193,1.5254635,-1.9168087
N#Cc1cccc(CC(O)C(O)C(O)COc2c[nH]nn2)c1,8.061325,19.907873,2.060435,21.576694,1.475157,1.1860459
N#Cc1ccc(OCC(=O)NCCCc2c[nH]nn2)cc1,1.0050473,3.8948817,5.0309067,6.4412923,0.6744669,1.3182621
Cc1c(OCCCNCc2c[nH]nn2)[nH]c2ccc(O)cc12,7.9714527,14.1768055,14.631919,21.877361,0.8381819,1.0585676
CC(NC(=O)Cc1ccc(Cl)cc1)C(=O)N(C)c1c[nH]nn1,-5.903905,2.0286174,1.921808,6.531824,1.2721547,2.8106253
Cc1cscc1C(=O)NCCS(=O)(=O)N[C@H]1C=CNCC1,-7.455688,6.0735116,-10.639462,14.341303,2.4066596,2.4580038
N#Cc1cccc(COP(=O)([O-])OP(=O)([O-])OC[C@H]2C=CNCC2)c1,-20.326235,3.0393777,5.002287,21.152224,1.3320447,2.9931626
N#Cc1cccc(COP(=O)([O-])OP(=O)([O-])OCC[C@H]2C=CNCC2)c1,-6.1345696,-15.4354515,0.5977819,16.620573,1.5348222,-1.9490885
NCc1ccc(CCCNC(=O)COc2c[nH]nn2)cc1,21.417253,-12.765566,-9.756702,26.774086,1.9437938,-0.53750354
Cc1csc(OCC(=O)NCCc2c[nH]nn2)c1,-0.64961004,2.860252,4.526372,5.3936143,0.5749685,1.7941242
NCc1ccc(CCCNC(=O)COc2c[nH]nn2)cc1,21.286509,-12.65995,-9.466873,26.514364,1.9359009,-0.5365433
N#Cc1cccc(COP(=O)([O-])OP(=O)([O-])OCC[C@H]2C=CNCC2)c1,-5.8203926,-15.346638,1.1456702,16.45323,1.501108,-1.933298
Nc1ncnc2c1ccn2COP(=O)([O-])OP(=O)([O-])OCc1cccc(CCO)c1,2.077117,-8.900515,8.446277,12.444805,0.8248066,-1.3415293
Cc1csc(OCC(=O)NCCCc2c[nH]nn2)c1,-0.6418896,2.852582,4.549655,5.4081984,0.57120246,1.7921304
N#Cc1cccc(OCC(=O)NCCCc2c[nH]nn2)c1,1.0182528,3.8858047,5.0366783,6.4423943,0.6732453,1.3145144
N#Cc1cccc(COP(=O)([O-])OP(=O)([O-])OCC[C@H]2C=CNCC2)c1,-5.708131,-15.240936,0.5861051,16.285343,1.5347989,-1.9291515
O=C(NCC[C@H]1C=CNCC1)NCn1c(=O)[nH]c2ccccc21,-1.3794522,8.552418,-2.446228,9.001709,1.8460089,1.7307128
NCc1ccc(CCCNC(=O)COc2c[nH]nn2)cc1,21.346437,-12.985258,-10.009983,26.916298,1.9518437,-0.54650766
CC1CC(=O)N(OCCCOCCn2c(=O)[nH]c3ccccc32)N1C,6.5878553,1.2511711,10.767678,12.6849575,0.55698246,0.18768556
N#Cc1cccc(COP(=O)([O-])OP(=O)([O-])OCC[C@H]2C=CNCC2)c1,-6.022691,-15.280922,0.7225058,16.440845,1.5268364,-1.9462333
Cc1csc(COS(=O)(=O)NC(=O)CC[C@H]2C=CNCC2)c1,-11.855349,2.9260435,-8.629339,14.952475,2.1859913,2.8996167
N#Cc1cccc(COP(=O)([O-])OP(=O)([O-])OCC[C@H]2C=CNCC2)c1,-6.135689,-15.676006,0.67748475,16.847635,1.530573,-1.9438725
N#Cc1cccc(COP(=O)([O-])OP(=O)([O-])OC[C@H]2C=CNCC2)c1,-20.543976,2.7261524,4.932166,21.302889,1.3371506,3.009665
Cc1csc(COP(=O)([O-])OP(=O)([O-])OCC[C@H]2C=CNCC2)c1,-11.738242,2.8702826,-9.165922,15.167036,2.2197232,2.9017744
Cc1csc(COP(=O)([O-])OP(=O)([O-])OCC[C@H]2C=CNCC2)c1,-11.48145,2.81564,-9.020351,14.870046,2.2225885,2.9011047
Cc1csc(COP(=O)([O-])OP(=O)([O-])OCC[C@H]2C=CNCC2)c1,-11.815186,3.139316,-9.344112,15.387214,2.2234097,2.8818913
NCc1ccc(CCCNC(=O)COc2c[nH]nn2)cc1,21.20037,-12.677914,-9.736134,26.551413,1.9462448,-0.5389508
N#Cc1cccc(COP(=O)([O-])OP(=O)([O-])OCC[C@H]2C=CNCC2)c1,-5.789242,-15.417994,0.42671323,16.474585,1.5448921,-1.929993
CC1CC(=O)N(OCCCCCn2c(=O)[nH]c3ccccc32)N1C,6.531146,1.365983,10.652496,12.569704,0.55958796,0.20617704
NCc1ccc(CCCNC(=O)COc2c[nH]nn2)cc1,21.22418,-12.68692,-9.985612,26.667137,1.954604,-0.5387692
O=C(CS(=O)(=O)CC1=NCNC(=O)C1Cl)N=C1C(=O)Nc2ccccc21,12.0622635,-3.7898295,-4.7472606,13.505462,1.9299763,-0.3044228
N#Cc1cccc(COP(=O)([O-])OP(=O)([O-])OC[C@H]2C=CNCC2)c1,-20.582457,2.8192043,4.8056927,21.323229,1.3434699,3.0054684
Cc1csc(COP(=O)([O-])OP(=O)([O-])OCC[C@H]2C=CNCC2)c1,-11.544164,2.9950647,-9.20867,15.067771,2.2283092,2.8877454
O=C(C=Cc1c[nH]nn1)NC(CO)Cc1ccc(Cl)cc1,-5.3172483,2.0988655,2.4264,6.2101355,1.1693869,2.7656395
CC(=O)c1cccc2[nH]c(CC(O)CNC(=O)COc3c[nH]nn3)nc12,6.1463995,5.6162686,-0.5080061,8.341389,1.6317359,0.74035966
C1=C[C@H](OCCCCCCOc2c[nH]nn2)CCN1,-1.825078,8.175991,-15.647439,17.748806,2.6500487,1.7904197
N#Cc1cccc(COP(=O)([O-])OP(=O)([O-])OCC[C@H]2C=CNCC2)c1,-6.054982,-15.687445,0.7122061,16.830507,1.5284673,-1.9391551
N#Cc1cccc(COP(=O)([O-])OP(=O)([O-])OC[C@H]2C=CNCC2)c1,-20.267874,2.8238688,4.756011,21.00906,1.3424377,3.0031564
C1=C[C@H](OCCCCCCOc2c[nH]nn2)CCN1,-1.7468605,8.254213,-15.618494,17.751646,2.6463082,1.7793516
NCc1ccc(CCCNC(=O)COc2c[nH]nn2)cc1,21.459068,-12.7882595,-10.077542,26.936743,1.9542427,-0.5374269
N#Cc1cccc(COP(=O)([O-])OP(=O)([O-])OC[C@H]2C=CNCC2)c1,-20.53976,2.932508,4.8489037,21.307117,1.3412127,2.9997787
NCc1ccc(CCCNC(=O)COc2c[nH]nn2)cc1,21.008432,-12.657007,-9.862943,26.435425,1.9531397,-0.5422357
Cc1csc(COS(=O)(=O)NC(=O)CC[C@H]2C=CNCC2)c1,-11.79512,3.0001507,-8.656932,14.935469,2.1890616,2.8925192
N#Cc1cccc(COP(=O)([O-])OP(=O)([O-])OCC[C@H]2C=CNCC2)c1,-5.9260755,-15.809561,0.97299075,16.91175,1.5132312,-1.9294277
OC(CON=Cc1c[nH]nn1)Cc1c[nH]c2ncc(F)cc12,6.408802,5.691239,-0.86201596,8.614291,1.6710322,0.726165
Cc1csc(COP(=O)([O-])OP(=O)([O-])OCC[C@H]2C=CNCC2)c1,-11.601267,3.0712357,-9.099012,15.060342,2.2195206,2.8827965
C1=C[C@H](OCCCCCCOc2c[nH]nn2)CCN1,-1.7841105,8.216946,-15.653439,17.768831,2.6486607,1.7846035
Cc1csc(COP(=O)([O-])OP(=O)([O-])OCC[C@H]2C=CNCC2)c1,-11.736825,3.028017,-9.147134,15.185256,2.2172625,2.8891056
O=C(CS(=O)(=O)Cc1cc(C(=O)O)ccc1Cl)N=C1C(=O)Nc2ccccc21,12.771851,-5.006346,-4.9153605,14.572043,1.914859,-0.37357596
Cc1c(OCCCNCc2c[nH]nn2)[nH]c2ccc(O)cc12,8.004542,14.216682,14.663789,21.936579,0.8386562,1.0579977
N#Cc1cccc(COP(=O)([O-])OP(=O)([O-])OCC[C@H]2C=CNCC2)c1,-5.7462106,-15.462231,0.4857185,16.502588,1.5413592,-1.9266082
Cc1cscc1C(=O)NCC(=O)NCC[C@H]1C=CNCC1,-7.4781528,6.0510564,-10.61702,14.326868,2.405439,2.4612885
N#Cc1cccc(COP(=O)([O-])OP(=O)([O-])OCC[C@H]2C=CNCC2)c1,-6.151044,-15.4783,0.7414553,16.672218,1.5263091,-1.9490575
NCc1ccc(CCCNC(=O)COc2c[nH]nn2)cc1,20.990635,-12.593254,-9.926194,26.414505,1.9560409,-0.54038
O=C(COc1c[nH]nn1)NCC(F)(F)c1ccccc1O,21.494385,-11.934515,-9.734141,26.44229,1.9477909,-0.5068564
C1=C[C@H](OCCCCCCOc2c[nH]nn2)CCN1,-1.8189201,8.182247,-15.670769,17.771624,2.6504319,1.7895402
NCc1ccc(CCCNC(=O)COc2c[nH]nn2)cc1,20.960644,-12.591944,-9.772401,26.332594,1.951005,-0.5409651
Cc1csc(COP(=O)([O-])OP(=O)([O-])OCC[C@H]2C=CNCC2)c1,-11.780533,2.980348,-9.21782,15.252267,2.2197554,2.8938026
C1=C[C@H](OCCCCCCOc2c[nH]nn2)CCN1,-1.7370439,8.264015,-15.53244,17.679592,2.6436183,1.777974
Cc1csc(COP(=O)([O-])OP(=O)([O-])OCC[C@H]2C=CNCC2)c1,-11.722062,2.8151245,-9.157525,15.139086,2.2204275,2.9059
CC1CC(=O)N(OCCCCCn2c(=O)[nH]c3ccccc32)N1C,6.570365,1.3053098,10.713315,12.635215,0.5587973,0.19611278
Nc1ncnc2c1ccn2COP(=O)([O-])OP(=O)([O-])OCc1cccc(CCO)c1,2.1316109,-8.954775,8.3919,12.456153,0.8315715,-1.3371037
C1=C[C@H](OCCCCCCOc2c[nH]nn2)CCN1,-1.7494082,8.25145,-15.792276,17.903711,2.6510284,1.779715
NCc1ccc(CCCNC(=O)COc2c[nH]nn2)cc1,21.475567,-12.624975,-9.812983,26.7747,1.946043,-0.53145725
Cc1csc(COP(=O)([O-])OP(=O)([O-])OCC[C@H]2C=CNCC2)c1,-11.603418,2.971511,-9.291694,15.159313,2.230568,2.890891
NCc1ccc(CCCNC(=O)COc2c[nH]nn2)cc1,21.451406,-12.567423,-9.878517,26.752346,1.9490068,-0.52995414
C1=C[C@H](OCCCCCCOc2c[nH]nn2)CCN1,-1.7115755,8.289497,-15.668689,17.808792,2.6462982,1.7744101
CC1CC(=O)N(OCCCCCOc2ccc3c(c2)NC(=O)CC(=O)N3C)N1C,2.8526335,3.6289763,5.9909954,7.563003,0.6564807,0.9046065
OCCc1cccc(OCCCNCc2c[nH]nn2)c1,7.99675,14.044409,14.468507,21.691729,0.8406137,1.0531881
O=C1[C@H](Cl)CN=CN1COP(=O)([O-])OP(=O)([O-])OCc1ccc(Cl)cc1,6.1371136,5.7896094,-4.436946,9.532587,2.0549397,0.7562698
N#Cc1ccc(OCC(=O)NCCCc2c[nH]nn2)cc1,1.0744252,3.8368158,5.0972757,6.4697576,0.6634668,1.2977594
O=C(NCCCc1c[nH]nn1)OCn1c(=O)[nH]c2ccccc21,1.9577875,8.16045,1.5162432,8.527887,1.3920478,1.3353348
Cc1csc(COP(=O)([O-])OP(=O)([O-])OCC[C@H]2C=CNCC2)c1,-11.710322,3.248169,-9.090847,15.176487,2.213059,2.8710184
Cc1csc(C=NOCC(O)Cn2ccc3c(N)ncnc32)c1,3.1549988,5.4918485,1.2596128,6.4576344,1.3744798,1.0493473
Cc1c(OCCCNCc2c[nH]nn2)[nH]c2ccc(O)cc12,8.03116,14.248253,14.700389,21.991219,0.83865154,1.0575266
Cc1cc(N)nc(OCC(=O)NC(CO)Cc2cccc(C#N)c2)c1,8.24501,20.121147,2.004687,21.837114,1.478865,1.1818974
O=C(COc1c[nH]c2ncc(F)cc12)NC(CO)CN1C=NCC(Cl)C1=O,6.4917316,5.7079206,-1.3710375,8.7522955,1.728093,0.72123766
N#Cc1cccc(COP(=O)([O-])OP(=O)([O-])OCC[C@H]2C=CNCC2)c1,-5.697588,-15.395767,0.8146379,16.436417,1.521213,-1.9252422
N#Cc1ccc(OCC(=O)NCCCc2c[nH]nn2)cc1,1.0529747,3.8773503,5.0772676,6.4746623,0.6694309,1.3056211
Cc1cscc1C(=O)NCCS(=O)(=O)N[C@H]1C=CNCC1,-7.5274563,6.001738,-10.567689,14.295436,2.4027302,2.4684923
Cc1cc(N)nc(OCC(O)C(O)C(O)Cc2cccc(C#N)c2)c1,8.102623,19.94397,2.062475,21.625639,1.4752795,1.1848971
Cc1cc(N)nc(OCC(=O)NC(CO)Cc2cccc(C#N)c2)c1,8.145318,19.97174,2.120115,21.672829,1.472816,1.1835477
Cc1csc(COS(=O)(=O)NC(=O)CC[C@H]2C=CNCC2)c1,-11.871206,2.9118233,-8.5538645,14.918876,2.1813955,2.901057
Cc1csc(COP(=O)([O-])OP(=O)([O-])OCC[C@H]2C=CNCC2)c1,-11.645624,2.846058,-9.293407,15.1686535,2.2302332,2.9019022
Cc1csc(COP(=O)([O-])OP(=O)([O-])OCC[C@H]2C=CNCC2)c1,-11.868698,2.7471519,-9.280066,15.314452,2.2217784,2.9141362
NCc1ccc(CCCNC(=O)COc2c[nH]nn2)cc1,21.212757,-12.986471,-9.843961,26.74945,1.94766,-0.5493425
CC1CC(=O)N(OCCCOCCn2c(=O)[nH]c3ccccc32)N1C,6.605913,1.2949567,10.743092,12.677895,0.5597504,0.1935753
Cc1csc(COP(=O)([O-])OP(=O)([O-])OCC[C@H]2C=CNCC2)c1,-11.85887,3.006257,-9.394004,15.42458,2.2256312,2.8933198
O=C(COc1cccc(CCO)c1)NCCCc1c[nH]nn1,0.9182973,3.8898668,4.9357367,6.3510494,0.6806673,1.3389666
CC(=O)C(C[C@H]1C=CNCC1)NC(=O)OCn1c(=O)[nH]c2ccccc21,-1.2246943,8.517046,-2.2897606,8.904098,1.8308766,1.7136106
Cc1csc(COP(=O)([O-])OP(=O)([O-])OCC[C@H]2C=CNCC2)c1,-11.927307,2.8883667,-9.294607,15.394578,2.219004,2.9040024
CC(=O)c1cccc2[nH]c(CCNC(=O)OCc3c[nH]nn3)nc12,-7.91331,19.424728,4.7499886,21.50588,1.3480906,1.9576513
O=C(C=Cc1c[nH]nn1)NC(CO)Cc1ccc(Cl)cc1,-5.3779097,2.0449328,2.3665378,6.221267,1.1805732,2.77823
CC1=C(CCO)C=CCN1OCCCCCOc1c[nH]nn1,-1.6978397,8.303192,-15.555728,17.71458,2.6427386,1.7724961
NCc1ccc(CCCNC(=O)COc2c[nH]nn2)cc1,21.363077,-12.671978,-9.989633,26.77224,1.953181,-0.53538376
Nc1ncnc2c1ccn2CCNC(=O)COc1cccc(CCO)c1,2.5633173,-4.4627028,13.14936,14.120622,0.37305906,-1.0494231
O=C(NCC[C@H]1C=CNCC1)OCn1c(=O)[nH]c2ccccc21,-1.296072,8.54236,-2.3541083,8.955085,1.8368018,1.7213708
N#Cc1cccc(COP(=O)([O-])OP(=O)([O-])OCC[C@H]2C=CNCC2)c1,-5.772821,-15.273754,0.36389852,16.332344,1.5485137,-1.9321568
Cc1csc(COP(=O)([O-])OP(=O)([O-])OCC[C@H]2C=CNCC2)c1,-11.630735,2.9803357,-9.022591,15.018773,2.2152405,2.8907435
C1=C[C@H](OCCCCCCOc2c[nH]nn2)CCN1,-1.7977586,8.203304,-15.6855545,17.79221,2.6500309,1.7865362
O=C(COc1c[nH]nn1)NCC(F)(F)c1ccccc1O,21.500628,-11.848223,-9.699179,26.395672,1.9470657,-0.5036597
Cc1cscc1C(=O)NCC(=O)NCC[C@H]1C=CNCC1,-7.4712067,6.057965,-10.623945,14.331297,2.4058175,2.460276
CC1C(=NC(=O)CS(=O)(=O)Cc2cccc(CCO)c2)C(=O)NN1C,12.532129,-4.508465,-4.880347,14.184439,1.9220375,-0.34533647
N#Cc1cccc(COP(=O)([O-])OP(=O)([O-])OCC[C@H]2C=CNCC2)c1,-5.610896,-15.330904,0.7905271,16.344532,1.522411,-1.921641
O=C(COc1c[nH]nn1)NCC(F)(F)c1ccccc1O,21.541924,-11.848194,-9.701429,26.430134,1.9466422,-0.5028481
Cc1csc(COP(=O)([O-])OP(=O)([O-])OCC[C@H]2C=CNCC2)c1,-11.875988,3.2085986,-9.180751,15.349932,2.211921,2.8777175
C1=C[C@H](OCCCCCCOc2c[nH]nn2)CCN1,-1.7845664,8.216486,-15.651377,17.76685,2.6486232,1.784668
NCc1ccc(CCCNC(=O)COc2c[nH]nn2)cc1,21.130323,-12.743076,-9.7984495,26.549694,1.9487945,-0.5426742
NCc1ccc(CCCNC(=O)COc2c[nH]nn2)cc1,21.402538,-12.474674,-9.776237,26.631954,1.9466715,-0.5277209
NCc1ccc(CCCNC(=O)COc2c[nH]nn2)cc1,21.009504,-12.550837,-9.891406,26.396261,1.9548992,-0.5384971
N#Cc1cccc(COP(=O)([O-])OP(=O)([O-])OC[C@H]2C=CNCC2)c1,-20.431332,3.0538335,4.7103624,21.188503,1.3466158,2.993223
NCc1ccc(CCCNC(=O)COc2c[nH]nn2)cc1,21.106663,-12.845028,-9.647154,26.524584,1.9430398,-0.5467022
N#Cc1cccc(COP(=O)([O-])OP(=O)([O-])OCC[C@H]2C=CNCC2)c1,-5.707055,-15.43915,0.9676821,16.48861,1.5120747,-1.9248668
CC1CC(=O)N(OCCCCCn2c(=O)[nH]c3ccccc32)N1C,6.458331,1.4390583,10.5775385,12.476588,0.5589904,0.21924044
O=C(COc1c[nH]nn1)NCC(F)(F)c1ccccc1O,21.588085,-11.861067,-9.73316,26.48518,1.9471099,-0.50240284
CC(NC(=O)Cc1ccc(Cl)cc1)C(=O)N(C)c1c[nH]nn1,-5.888775,2.0550575,1.9127896,6.5237794,1.2732213,2.8058279
N#Cc1cccc(COP(=O)([O-])OP(=O)([O-])OC[C@H]2C=CNCC2)c1,-20.405197,3.1044621,4.9285164,21.220274,1.3364007,2.9906096
N#Cc1cccc(COP(=O)([O-])OP(=O)([O-])OCC[C@H]2C=CNCC2)c1,-5.7146378,-15.359257,0.35723615,16.391811,1.549001,-1.9269911
N#Cc1cccc(COP(=O)([O-])OP(=O)([O-])OCC[C@H]2C=CNCC2)c1,-6.0740857,-15.297373,0.8268697,16.479921,1.5206009,-1.9487718
Cc1csc(COP(=O)([O-])OP(=O)([O-])OCC[C@H]2C=CNCC2)c1,-11.627415,2.825498,-8.903198,14.914662,2.2104812,2.9032102
Cc1csc(COP(=O)([O-])OP(=O)([O-])OCC[C@H]2C=CNCC2)c1,-11.770296,2.873156,-9.03166,15.111776,2.211372,2.9021726
COC(=O)C(Cc1c[nH]nn1)NC(=O)CCc1cccc(CCO)c1,0.75107145,3.7870197,4.7830334,6.1467905,0.67910516,1.3750091
Cc1csc(COP(=O)([O-])OP(=O)([O-])OCC[C@H]2C=CNCC2)c1,-11.578643,3.0533166,-9.23328,15.120885,2.2276535,2.8837597
C1=C[C@H](OCCCCCCOc2c[nH]nn2)CCN1,-1.7625499,8.238543,-15.622488,17.749432,2.6470132,1.7815586
N#Cc1cccc(COP(=O)([O-])OP(=O)([O-])OCC[C@H]2C=CNCC2)c1,-6.048271,-15.464371,0.5164888,16.6131,1.539702,-1.9436156
O=C(NCn1c(=O)[nH]c2ccccc21)OCC[C@H]1C=CNCC1,-1.3109789,8.489536,-2.3771424,8.913007,1.8407688,1.724009
N#Cc1cccc(COP(=O)([O-])OP(=O)([O-])OC[C@H]2C=CNCC2)c1,-20.23982,2.8742833,5.1337442,21.077646,1.324758,3.0005245
N#Cc1cccc(COP(=O)([O-])OP(=O)([O-])OCC[C@H]2C=CNCC2)c1,-6.0093484,-15.404989,0.8846185,16.559242,1.5173495,-1.9427314
NCc1ccc(CCCNC(=O)COc2c[nH]nn2)cc1,21.199087,-12.570694,-9.708334,26.489157,1.9460431,-0.5352438
O=C1[C@H](Cl)CN=CN1COP(=O)([O-])OP(=O)([O-])OCc1ccc(Cl)cc1,6.164341,5.8167853,-4.421098,9.559299,2.0516,0.7563977
Cc1csc(COP(=O)([O-])OP(=O)([O-])OCC[C@H]2C=CNCC2)c1,-11.721589,3.2003798,-8.99498,15.117795,2.208053,2.875056
Cc1cscc1C(=O)NCC(=O)NCC[C@H]1C=CNCC1,-7.523058,6.006148,-10.572084,14.298223,2.4029727,2.4678493
N#Cc1cccc(COP(=O)([O-])OP(=O)([O-])OCC[C@H]2C=CNCC2)c1,-6.1317143,-15.530638,0.6016195,16.7081,1.5347809,-1.9468241
N#Cc1cccc(COP(=O)([O-])OP(=O)([O-])OCC[C@H]2C=CNCC2)c1,-5.8026834,-15.247383,0.70703006,16.329535,1.5274851,-1.9344405
CC(NC(=O)Cc1ccc(Cl)cc1)C(=O)N(C)c1c[nH]nn1,-6.0607643,2.0207543,1.7740057,6.630491,1.299944,2.819768
N#Cc1cccc(COP(=O)([O-])OP(=O)([O-])OCC[C@H]2C=CNCC2)c1,-5.9493613,-15.237478,0.7364147,16.374308,1.5258074,-1.9430364
NCc1ccc(CCCNC(=O)COc2c[nH]nn2)cc1,21.269054,-12.848263,-9.920286,26.75561,1.9506387,-0.5434159
N#Cc1cccc(COP(=O)([O-])OP(=O)([O-])OC[C@H]2C=CNCC2)c1,-20.200953,3.1227102,4.856965,21.009996,1.3375121,2.9882243
NCc1ccc(CCCNC(=O)COc2c[nH]nn2)cc1,21.17687,-12.941446,-10.04784,26.774988,1.955484,-0.54855025
N#Cc1cccc(COP(=O)([O-])OP(=O)([O-])OCC[C@H]2C=CNCC2)c1,-5.81501,-15.750389,0.6560991,16.802368,1.5317384,-1.9244704
Cc1cscc1C(=O)NCC(=O)NCC[C@H]1C=CNCC1,-7.532188,5.9969974,-10.562922,14.292416,2.402467,2.4691837
N#Cc1cccc(COP(=O)([O-])OP(=O)([O-])OCC[C@H]2C=CNCC2)c1,-5.787997,-15.480162,0.9565284,16.554495,1.5129836,-1.9286002
N#Cc1cccc(COP(=O)([O-])OP(=O)([O-])OCC[C@H]2C=CNCC2)c1,-5.785389,-15.775244,0.92491317,16.828087,1.5158062,-1.9223044
N#Cc1cccc(COP(=O)([O-])OP(=O)([O-])OC[C@H]2C=CNCC2)c1,-20.250553,2.9432125,4.960388,21.055946,1.3329797,2.9972634
N#Cc1cccc(COP(=O)([O-])OP(=O)([O-])OC[C@H]2C=CNCC2)c1,-20.36413,2.6022797,5.0062933,21.131317,1.3316087,3.014494
C1=C[C@H](OCCCCCCOc2c[nH]nn2)CCN1,-1.9071703,8.093876,-15.698758,17.76511,2.654473,1.8022064
N#Cc1cccc(COP(=O)([O-])OP(=O)([O-])OC[C@H]2C=CNCC2)c1,-20.36898,2.8791733,5.0412493,21.18016,1.3304721,3.001172
N#Cc1cccc(COP(=O)([O-])OP(=O)([O-])OC[C@H]2C=CNCC2)c1,-20.504917,2.7069283,5.0071955,21.280298,1.333272,3.010338
Cc1csc(COP(=O)([O-])OP(=O)([O-])OCC[C@H]2C=CNCC2)c1,-11.899294,2.9154406,-8.967266,15.182386,2.2026434,2.9013164
Cc1cscc1C(=O)NCCS(=O)(=O)N[C@H]1C=CNCC1,-7.420753,6.108454,-10.6744585,14.364012,2.4085457,2.4528894
N#Cc1cccc(COP(=O)([O-])OP(=O)([O-])OCn2ccc3c(N)ncnc32)c1,-5.214697,9.711018,8.054309,13.651696,0.93975484,2.0635943
C1=C[C@H](OCCCCCCOc2c[nH]nn2)CCN1,-1.7734828,8.227646,-15.611546,17.735832,2.647135,1.7830997
N#Cc1cccc(COP(=O)([O-])OP(=O)([O-])OCC[C@H]2C=CNCC2)c1,-5.637471,-15.613819,0.47015738,16.60703,1.5424818,-1.9172869
Cc1csc(COS(=O)(=O)NC(=O)CC[C@H]2C=CNCC2)c1,-11.901962,2.879394,-8.598159,14.962484,2.18297,2.9042273
N#Cc1cccc(COP(=O)([O-])OP(=O)([O-])OC[C@H]2C=CNCC2)c1,-20.183502,2.9451594,4.785982,20.951212,1.3403268,2.9966962
Cc1csc(COP(=O)([O-])OP(=O)([O-])OCC[C@H]2C=CNCC2)c1,-11.800106,3.0752554,-9.060267,15.191713,2.2097993,2.886651
N#Cc1cccc(COP(=O)([O-])OP(=O)([O-])OCC[C@H]2C=CNCC2)c1,-5.874409,-15.569441,0.9641917,16.668709,1.5129197,-1.9315852
N#Cc1cccc(COP(=O)([O-])OP(=O)([O-])OC[C@H]2C=CNCC2)c1,-20.284874,2.8259578,5.022481,21.087614,1.330313,3.00317
N#Cc1cccc(COP(=O)([O-])OP(=O)([O-])OCC[C@H]2C=CNCC2)c1,-5.748843,-15.860109,0.66613793,16.883009,1.53133,-1.9185385
N#Cc1cccc(COP(=O)([O-])OP(=O)([O-])OCC[C@H]2C=CNCC2)c1,-5.9800296,-15.631155,1.0212843,16.767134,1.5098487,-1.9361881
NCc1ccc(CCCNC(=O)COc2c[nH]nn2)cc1,21.065134,-13.059706,-9.648477,26.596783,1.9420334,-0.55497247
C1=C[C@H](OCCCCCCOc2c[nH]nn2)CCN1,-1.7609124,8.240128,-15.687183,17.806973,2.6486778,1.7813293
N#Cc1cccc(COP(=O)([O-])OP(=O)([O-])OCC[C@H]2C=CNCC2)c1,-5.6209583,-15.357746,0.6233461,16.365942,1.5326991,-1.9216546
N#Cc1cccc(COP(=O)([O-])OP(=O)([O-])OC[C@H]2C=CNCC2)c1,-20.471966,2.7952495,4.758856,21.202866,1.3444239,3.0058916
C1=C[C@H](OCCCCCCOc2c[nH]nn2)CCN1,-1.9001136,8.100952,-15.53133,17.61982,2.649761,1.8011858
N#Cc1cccc(COP(=O)([O-])OP(=O)([O-])OC[C@H]2C=CNCC2)c1,-20.541462,3.1043057,4.763317,21.313787,1.3454076,2.9916036
N#Cc1cccc(COP(=O)([O-])OP(=O)([O-])OCC[C@H]2C=CNCC2)c1,-6.1566815,-15.582911,0.861624,16.777195,1.5194168,-1.9470644
O=C1[C@H](Cl)C=NCN1COP(=O)([O-])OP(=O)([O-])OCc1ccc(Cl)cc1,6.1564083,5.8088937,-4.4296536,9.553348,2.0529356,0.7563628
C1=C[C@H](OCCCCCCOc2c[nH]nn2)CCN1,-1.8110456,8.189995,-15.658837,17.76387,2.6498241,1.7884233
Cc1csc(COP(=O)([O-])OP(=O)([O-])OCC[C@H]2C=CNCC2)c1,-11.644533,3.1711044,-9.396593,15.295327,2.2323508,2.8757145
C1=C[C@H](OCCCCCCOc2c[nH]nn2)CCN1,-1.8931961,8.10784,-15.612807,17.694096,2.6516798,1.8001881
N#Cc1cccc(COP(=O)([O-])OP(=O)([O-])OCC[C@H]2C=CNCC2)c1,-5.907372,-15.926096,1.1019337,17.022099,1.5060155,-1.9259888
N#Cc1cccc(COP(=O)([O-])OP(=O)([O-])OCC[C@H]2C=CNCC2)c1,-5.6502585,-15.495846,0.91993403,16.519472,1.5150796,-1.9204451
C1=C[C@H](OCCCCCCOc2c[nH]nn2)CCN1,-1.6695156,8.331554,-15.758685,17.903582,2.6470742,1.7685617
Cc1csc(COP(=O)([O-])OP(=O)([O-])OCC[C@H]2C=CNCC2)c1,-11.493724,2.9025826,-9.292749,15.062731,2.2356405,2.8942282
N#Cc1cccc(COP(=O)([O-])OP(=O)([O-])OCC[C@H]2C=CNCC2)c1,-5.5714426,-15.396919,0.5627434,16.383614,1.5364416,-1.9179925
N#Cc1cccc(COP(=O)([O-])OP(=O)([O-])OCC[C@H]2C=CNCC2)c1,-5.638623,-15.764275,0.8837993,16.765665,1.518057,-1.9142998
C1=C[C@H](OCCCCCCOc2c[nH]nn2)CCN1,-1.8468189,8.154257,-15.706501,17.793167,2.6524298,1.7935239
CC(=O)c1cccc2[nH]c(CCNC(=O)OCc3c[nH]nn3)nc12,-7.836838,19.348278,4.6735134,21.391905,1.3505489,1.9556404
Nc1ccc(NC(=O)CCC(=O)N=NC=C2C(=O)Nc3ccccc32)cc1,-3.3483553,-10.109468,15.507852,18.812397,0.6017572,-1.8906344
Nc1ncnc2c1ccn2CCNC(=O)COc1cccc(CCO)c1,2.5577793,-4.4678617,13.154759,14.126278,0.3730334,-1.0508549
